ua,tc,amt,amt_avg,cc,dwm,lzd
0xbd1edea3e3617ff64c659b274ac3dacab7ceebc1,104,0.31,0.002980769230769231,6 / 13 / 10,25 / 19 / 10,307
0xeb26a91cc4e93a2f8be8ae0ac982824e18f6818b,104,0.0,0.0,3 / 4 / 14,17 / 11 / 8,713
0x571273b750eb0d711d028bc728f5c292b764c1ee,421,0.0,0.0,1 / 2 / 2,36 / 9 / 4,143
0x46b8a0c1ac1e245f2061286d18f18a7fc6711ad4,104,0.34,0.0032692307692307695,6 / 12 / 12,25 / 19 / 10,307
0x57726933e488f47df7a4d4b8ace7ecf1a522741f,109,0.49,0.004495412844036697,6 / 12 / 12,25 / 18 / 10,307
0x673c4d00edcfc3cf9bfbab30b3b5838f87b43cb3,227,0.0,0.0,2 / 14 / 2,64 / 15 / 5,96
0xc45f4105709782f418395fbbb487c029ce5f1eac,224,0.0,0.0,1 / 1 / 1,1 / 1 / 1,294
0x1c14cdcba27bedc59c92b4aa23bbbe422079eb02,210,0.0,0.0,3 / 14 / 3,55 / 14 / 5,96
0x3a3f6b430c2f51e5499a6c8237de429036712a5d,228,0.0,0.0,2 / 13 / 2,62 / 15 / 5,96
0x626a5f472ff7bcfe4a165bc06cd0975d513ae772,127,0.0,0.0,2 / 2 / 13,18 / 9 / 4,705
0xf0a5addd704360d6028150836268c179a7ee5534,178,0.0,0.0,9 / 11 / 3,12 / 8 / 5,407
0x87a4cc7102c22f59ae3f15643a60dc4e3450a67b,229,0.0,0.0,2 / 13 / 2,64 / 15 / 5,96
0x3b5f66a66b27057006972efba64b93069d09a3d4,243,0.0,0.0,2 / 14 / 3,63 / 15 / 5,96
0x58dbbceb0095ecf8b47ddc2fd2fc6b71ada609d4,112,0.83,0.007410714285714285,7 / 26 / 20,22 / 18 / 11,300
0x11a770cca0b71d47139dbbaaa72cf79d96ff2ec4,404,3.06,0.007574257425742574,10 / 40 / 14,63 / 12 / 4,81
0x1c615082d75e8743c384f8b626ce71b976513f5c,144,0.0,0.0,2 / 27 / 7,5 / 2 / 2,6
0x696b57681b1910b35f38ba2543e9d3fa5dcdbd54,277,0.0,0.0,2 / 4 / 26,57 / 29 / 12,693
0x4ba7e0220142d305a6209658324aefb78626e5b9,147,0.25,0.0017006802721088435,3 / 12 / 10,17 / 13 / 8,307
0x459440e6868f4d662dc331262f462f7f393be860,102,0.52,0.005098039215686275,4 / 8 / 7,7 / 5 / 4,75
0x1ab126ab21944a211b0bbec1f3b2d6a173131166,232,0.0,0.0,2 / 13 / 3,63 / 15 / 5,96
0x83a3b9cc64834e280033474915bc2a02d4a09470,110,0.42,0.0038181818181818182,6 / 7 / 8,7 / 5 / 4,98
0xf88d7f489a50c47670bb5cb6d20e9370bb8bd548,110,0.4,0.0036363636363636364,6 / 7 / 8,6 / 4 / 3,75
0xe53c7bc90688f0a7c8c2e1205c73927893c7f5f9,244,0.0,0.0,3 / 2 / 4,72 / 13 / 5,309
0xd3b36fb254e593cf057a311a48d79e3240f65245,115,0.19,0.0016521739130434783,6 / 10 / 15,42 / 19 / 7,236
0xa3edfe7282543d1a6ccacaf6fe6c2e7874673926,126,0.7,0.005555555555555555,4 / 17 / 12,10 / 9 / 8,246
0xb1db16012149f7effdffce732b44b59355184a61,170,0.51,0.003,1 / 11 / 1,38 / 7 / 2,77
0x98151062557cffe2ece1e717baf4dfdb6c1498ff,243,0.0,0.0,3 / 2 / 4,74 / 15 / 6,309
0xafe5f655d05a4432795c244cf89d9ad51bbe73d4,231,0.0,0.0,3 / 2 / 4,66 / 11 / 5,309
0x61682cbd56959d5c32427449bb0822aa935ff9cf,242,0.0,0.0,3 / 2 / 3,73 / 12 / 4,309
0x40854ee1edc53416d5319a0517e4b5ef33b9beef,102,0.37,0.0036274509803921567,3 / 14 / 5,6 / 4 / 3,141
0x475a81d76bb1ab9702fbc5264e2ce400611074c4,492,0.0,0.0,1 / 2 / 2,41 / 9 / 4,143
0x558dc3604d513e58445016cfdb0f10d6fa419cb0,111,0.23,0.002072072072072072,1 / 6 / 1,17 / 11 / 3,76
0xa63d53fe485d6ce91596e1919e19fe77e269ef4d,113,0.42,0.0037168141592920354,6 / 21 / 15,11 / 11 / 9,245
0x99e3285c3c2f7c474c579b8f3b09f5cabdce201d,238,0.0,0.0,3 / 2 / 4,74 / 14 / 6,309
0x89ef411b66a6638c30efb3e63d48f64318da6de3,242,0.0,0.0,3 / 2 / 4,76 / 15 / 6,309
0x58d76928b49bdfcd47fe112d31d766e79d3da17b,486,2.43,0.005,2 / 2 / 2,3 / 3 / 2,467
0xa0aaaae29d59a899062dfbfffaf9af621e65753f,102,0.31,0.00303921568627451,9 / 10 / 12,26 / 21 / 11,308
0x36e801ce03b1c09e341a629d6ea3abadc5a772e7,172,0.54,0.0031395348837209304,1 / 12 / 1,37 / 7 / 2,77
0x2d2e842c6059237e465a04b8f5700a871ded3641,233,0.0,0.0,3 / 2 / 4,67 / 11 / 5,309
0x94c17f828d6c0224e597c2b825e5bc437ad03320,237,0.0,0.0,3 / 2 / 4,68 / 12 / 5,309
0xcbec4e22fce965066c4f6622a625abe5b3ff24a0,180,0.59,0.0032777777777777775,1 / 11 / 1,37 / 7 / 2,77
0x26fcb1eecc7e9a76b81b0e2294214021910db281,101,0.0,0.0,2 / 2 / 2,2 / 1 / 1,339
0xe9259d74e11871c927a3c33b88248ccc0d53d1ef,110,0.56,0.005090909090909091,3 / 3 / 3,7 / 7 / 4,345
0x7b6b5c7f98cd00359ba1036f886a0062e18603e2,182,0.54,0.0029670329670329672,1 / 11 / 1,38 / 7 / 2,77
0x5b688c5d11ccb476646ca372f0d4345b3dfc27e6,108,0.3,0.002777777777777778,6 / 6 / 9,5 / 3 / 3,65
0x5f1ebe578d37e5a688a43e81b7ace54bd53ee022,109,0.39,0.003577981651376147,3 / 15 / 6,7 / 5 / 4,141
0xf99a8f293d6b709d2c2ebd4fc9cacca3847871ee,422,0.0,0.0,1 / 2 / 2,37 / 9 / 4,143
0x61227939a9f675f4d6bbf7b4f5d16106946281fa,241,0.0,0.0,1 / 1 / 1,1 / 1 / 1,294
0xcadd777490ba515a5dded11637a1bfd987a36145,115,0.43,0.0037391304347826086,7 / 25 / 19,20 / 18 / 11,292
0xdffb6bdabb27a737d16961f1cf23870383fb1b13,102,0.0,0.0,2 / 2 / 2,1 / 1 / 1,339
0xb79d881ab24dc52187c38c8dfd730adca5909069,113,1.13,0.009999999999999998,8 / 9 / 9,90 / 26 / 7,265
0x5985e370b2f55fdc8f713ba26af5f0f64c9e31d1,243,0.0,0.0,3 / 2 / 4,75 / 15 / 7,309
0x6e769f26d5291a6dca6b0e73a6f820b027450f78,180,0.45,0.0025,2 / 10 / 2,37 / 7 / 2,77
0xd23b99cfbb611ee08e887706b93f48fe28c043dc,103,0.09,0.0008737864077669903,6 / 11 / 12,24 / 18 / 10,307
0xe09c0f1ebc3c781284ef57211510ec13e8ca8f74,102,0.31,0.00303921568627451,6 / 11 / 13,25 / 20 / 11,307
0x63ed19e6a62221300d15e42934d3d9b5d15347b8,128,1.0,0.0078125,5 / 16 / 12,8 / 8 / 8,246
0x4a2b7c486ef1ff142d1e0a6add7ef3e747a7a9c1,117,0.5,0.004273504273504274,2 / 12 / 2,3 / 2 / 1,273
0xa25403acd25e7fd7abf8eb7cdb997f1159845715,233,0.0,0.0,3 / 2 / 4,67 / 12 / 6,309
0xbdb71faa22bae90ee8e436867403510291784ece,104,0.0,0.0,3 / 2 / 3,54 / 19 / 7,304
0x1beec3cb5431aaaaf3af31e93ad608945c17f11d,115,0.25,0.002173913043478261,5 / 14 / 14,46 / 20 / 7,236
0xf387e9e237e1f17f8548ab3c8f407dbd5b560e4c,105,0.33,0.003142857142857143,6 / 13 / 11,24 / 18 / 10,307
0xfef8b7943be2d184320e42b64bf80b8b7ed73ac2,246,0.0,0.0,3 / 2 / 3,77 / 14 / 5,309
0xb5734b6d94a1eea91e2da9b4228fac66c0c4a1f4,192,0.0,0.0,1 / 2 / 4,6 / 5 / 2,667
0xc2d3804e667e1d6263b7fe746f03dbfec4b83773,240,0.0,0.0,3 / 2 / 5,73 / 14 / 6,309
0xad4796d21431a3d4272a681ce67b0236f1a5783a,2132,0.0,0.0,1 / 1 / 2,199 / 35 / 10,245
0x29dd911a3c65943f83002c34157399b02611bb72,127,0.86,0.006771653543307087,5 / 16 / 10,10 / 10 / 9,246
0xd3dc3cb36f756fbd30fa400850f5dc19e4fe8613,116,0.0,0.0,2 / 3 / 2,20 / 5 / 2,112
0x3e9c0793591c2571b4578baa10851998893d9a08,421,0.0,0.0,1 / 2 / 2,37 / 9 / 4,143
0x9c1ee007fa3ac967cf4c79d43d3c8e3622b648f5,141,0.0,0.0,2 / 13 / 2,37 / 8 / 3,96
0x0195de3029f2cc708c0812f995eb3cc6ba6a69dc,236,0.0,0.0,3 / 2 / 4,70 / 13 / 6,309
0xb6c043a1819d3e2f291b11a51589be2092d8e1a1,172,0.57,0.003313953488372093,1 / 12 / 1,38 / 7 / 2,77
0xbcb1ff0ae904c817e6798e340bd4c4d93ab4b21b,112,0.07,0.000625,7 / 17 / 8,49 / 25 / 8,289
0x3ff4bf62378a81a24665ccbcca613bb3b6c8f0ef,111,0.38,0.0034234234234234236,3 / 16 / 4,6 / 4 / 3,141
0x033b75a02a0766265c09cc1cdf223152ebe2a2cd,114,0.57,0.004999999999999999,6 / 15 / 11,25 / 19 / 10,307
0xc8afd4c307dec693f3dda388cf99201a3f017f63,110,0.35,0.0031818181818181815,3 / 16 / 5,6 / 4 / 3,140
0x1430ebb34d5969713d521bfca99929648636cb22,122,0.25,0.0020491803278688526,1 / 6 / 1,18 / 11 / 3,77
0x07e1e6f2be64549e935af06eb3f87ade69c26280,121,0.53,0.004380165289256199,5 / 18 / 11,11 / 9 / 9,246
0x1b120819767af5ca45307fb4264f2709d1c872e0,118,0.24,0.002033898305084746,1 / 6 / 1,17 / 11 / 3,77
0x8c1761c76b9f204618145956824f8a0799c57b23,113,0.37,0.0032743362831858407,6 / 12 / 10,24 / 19 / 11,307
0x712af6cc763d6a5586356fc906c91d582d5c0215,177,0.56,0.003163841807909605,2 / 11 / 2,37 / 7 / 2,77
0xae4e752989d43f7d870e86a0296cefb3e1a2ef9c,106,0.2,0.0018867924528301887,6 / 16 / 11,22 / 17 / 10,307
0x30f7b7a630a5f4c984a594fb91504891b1c93313,103,0.97,0.00941747572815534,8 / 24 / 18,13 / 5 / 3,274
0x401501bfe1dfbd70774e0292b04530d3e0cf14ca,119,0.41,0.003445378151260504,6 / 14 / 12,25 / 19 / 10,307
0x171f8b6bc5904042d45959c9d56f3e172661ced5,107,0.2,0.001869158878504673,5 / 7 / 5,28 / 10 / 3,85
0xda81a723e748c782284bbb06ab74e3d0a9dbbc77,166,0.0,0.0,4 / 13 / 4,66 / 38 / 11,322
0x983d00be309bb6d31c55ffa4060eca0caafcd7a2,144,0.0,0.0,4 / 4 / 1,25 / 8 / 3,47
0x7808c1da7a9ce08a9db9ff82b0ca1fd1d78a66dc,112,0.41,0.0036607142857142854,6 / 14 / 12,26 / 19 / 9,307
0x59a0fdd8b14e9109b8d20cb12d1b3b2717b79681,216,0.0,0.0,2 / 13 / 2,59 / 15 / 5,96
0x066608fadb38be7e1194e8e2d5da0a6edec343e4,250,0.0,0.0,3 / 2 / 5,81 / 17 / 7,309
0x5b4afeb39fd6df7847a2d1c0225cf2f8f3952bf0,244,0.0,0.0,3 / 2 / 5,76 / 16 / 6,309
0xafc4b8a673dcd249c961731dad946bed62d85ea5,143,1.03,0.007202797202797203,6 / 28 / 15,28 / 15 / 5,104
0x62db2821ed27d5f8c7c7235b0405555fc7e85fef,102,0.31,0.00303921568627451,6 / 12 / 14,25 / 20 / 9,307
0xf8127d5d92fa3e5a4ba7e67e0df2128fb64dd7bc,112,0.14,0.00125,5 / 7 / 9,9 / 5 / 4,329
0x41cae7bdb43e74c45e496680bcfbd70925421701,243,0.0,0.0,3 / 2 / 4,74 / 13 / 6,309
0xc096e0f8bd2e04f88a9d761732b6724944676fc9,431,0.0,0.0,1 / 2 / 2,37 / 9 / 4,143
0x8ae8eefaf5d4afe94382075827909931f08851f8,103,0.33,0.0032038834951456313,6 / 13 / 11,23 / 18 / 10,307
0x7b26e71c7f89de31feb752d9b14219078fbd4585,186,0.0,0.0,2 / 4 / 7,20 / 13 / 9,729
0xdb68abdf255be02e403a3904f876e124594da8e9,245,0.24,0.0009795918367346938,1 / 1 / 1,1 / 1 / 1,294
0xdcf2c30d594f679b035ee8d57f2d7ab456dad378,223,0.0,0.0,2 / 13 / 3,62 / 15 / 5,96
0xfb0522e166d51aee14ac53b32c8cebbcf7d5dff5,104,0.64,0.006153846153846154,6 / 10 / 9,8 / 6 / 5,136
0x444e65e17f638b90e5be500bfc84f41787738a4b,222,0.0,0.0,2 / 13 / 2,60 / 15 / 5,96
0xcaf331a897594b6f8604d40439fe93f758348dea,128497,0.0,0.0,8 / 13 / 9,431 / 62 / 16,430
0x295251fe35df2f9448fd4dcf7129c8d323b9374b,107,0.32,0.0029906542056074765,6 / 7 / 9,6 / 5 / 4,74
0x9e9f94875742cbc789c6fc949c65155f8edff058,101,0.0,0.0,3 / 7 / 3,17 / 9 / 5,114
0x3811df72668e2b6770eeb0bcd8b20e48d377fe1f,106,0.36,0.0033962264150943396,6 / 15 / 12,25 / 19 / 10,307
0x08e084c8e222c18e6d6fd69e9d84864d01372dd9,116,0.33,0.0028448275862068967,6 / 12 / 12,25 / 19 / 10,307
0xdad6a703ed708a37465cda6a46cccae7d0aba1c4,101,0.11,0.0010891089108910892,5 / 7 / 9,7 / 5 / 4,329
0xe46b54118c32aa98d302977ca47247fe7564eb76,110,0.62,0.005636363636363636,4 / 14 / 4,13 / 10 / 6,272
0xf5085857d6d8d1bf0f9265738513f00bcb6d9ad4,247,0.0,0.0,3 / 2 / 4,76 / 15 / 7,309
0xe7c49fb79bae099d75980165c108c1e2135751b9,114,0.32,0.0028070175438596493,6 / 16 / 13,26 / 19 / 10,307
0xa319199c26cae3e4699f34b9ef6ddb76beb521a6,116,0.09,0.0007758620689655172,5 / 7 / 9,8 / 5 / 4,329
0xf5b729561782f9bebc9f932ae5e2df758004bfa6,251,0.0,0.0,3 / 2 / 3,76 / 14 / 5,309
0x587ab8650b108bbb5dfd5cc81471f335079d1d75,247,0.0,0.0,3 / 2 / 4,79 / 16 / 8,309
0x31e2e6111ae893043a000327bc1b2e4d436deff2,235,0.0,0.0,3 / 2 / 4,69 / 13 / 5,309
0x695149af1a0ba7886de1828d0d6b32445a2d7cb2,101,0.21,0.0020792079207920793,1 / 2 / 1,1 / 1 / 1,92
0xdbc7e9cdaee350f34f72f0687434de27c565fcb2,168,0.0,0.0,2 / 2 / 2,2 / 1 / 1,338
0x8d8f1d71654658c156c741ae9ad54c07ee043a8b,103,0.11,0.0010679611650485437,5 / 6 / 9,9 / 5 / 4,329
0xb93666c626058ed639cb3055476ff4c63afad80d,125,0.01,8e-05,4 / 15 / 6,14 / 14 / 11,340
0x9e5fb4fc8093473744ac2d189e1a8b4bf3bd382a,181,0.58,0.0032044198895027623,1 / 12 / 1,38 / 7 / 2,77
0x07e0d911ecbf66cc4039382caaca00d1be74780d,104,0.4,0.0038461538461538464,7 / 21 / 18,10 / 7 / 4,93
0xc2d89d5163f2c3e85920844153342d66e9179605,103,0.49,0.004757281553398058,6 / 13 / 10,24 / 18 / 10,307
0xb53237b2645d27ac7180e9df1a7e33bc0af22ed6,121,0.32,0.002644628099173554,6 / 11 / 12,24 / 18 / 9,307
0xece5a7dc041aa3b69c6ad36ca03c19df251a72d3,124,0.12,0.000967741935483871,5 / 7 / 9,9 / 5 / 4,329
0x8ba5a50bddc9b027c93ea9194e1ae2b044f97940,133,0.13,0.0009774436090225565,1 / 1 / 1,1 / 1 / 1,294
0xee852fcc48e5805cf15d0f64a0b8f7aba7a8917e,231,0.0,0.0,2 / 13 / 2,60 / 15 / 5,96
0x7ad40b3de98fed1a6ffe8d840143ec3b0af898a9,235,0.0,0.0,2 / 13 / 2,62 / 15 / 5,96
0x57941fc70daf9928cf1e03ae8b83af2bb6c6321a,114,0.34,0.0029824561403508773,6 / 12 / 9,6 / 5 / 3,104
0x040debbdb938c0a5ad0edac7ef9d609cc19b16fb,102,0.33,0.003235294117647059,7 / 16 / 16,10 / 8 / 3,93
0x592573138680892c0945a3e877013b2bc6af9f03,248,0.0,0.0,3 / 2 / 4,77 / 15 / 6,309
0x659a364365d5fb3f18f2c7b9e038d276ae255375,160,0.0,0.0,2 / 3 / 2,19 / 11 / 6,253
0xafaea243304911cd94008e58a4d9f69017de5a11,238,0.0,0.0,3 / 2 / 4,70 / 13 / 6,309
0xc8c3c564c68392892f5f8d545cd70076e91bdded,238,0.0,0.0,3 / 2 / 4,72 / 14 / 6,309
0xad8d72f0d736f13be06285640231fe06d0a8cdd9,115,0.39,0.003391304347826087,6 / 14 / 9,6 / 5 / 3,104
0x79b1c3fd8da05a681d868625f684aa1e25d39b55,102,0.05,0.0004901960784313725,7 / 19 / 11,48 / 26 / 9,288
0x63a1a3b6adfdfad217df7af5e5e508ffdc012626,114,0.85,0.007456140350877193,5 / 20 / 13,9 / 9 / 9,246
0x946a3a24ab261e4247f4920cc61fd26e864ed738,165,0.0,0.0,2 / 13 / 2,43 / 9 / 3,96
0x8f455f4b64cdcc35a99fd6c792d9365a9512ea87,108,0.14,0.0012962962962962965,5 / 14 / 12,20 / 13 / 8,310
0xad86bc4b43aab58eb07c9676b0b303a2c392a02a,113,0.08,0.0007079646017699115,6 / 12 / 10,23 / 18 / 10,307
0x231561d7abd2bd14d647e90f7924dd1a7bf22a1c,243,0.0,0.0,2 / 13 / 2,63 / 15 / 5,96
0xeb0ca9f5ffbaa201273113334500264d713c2b5d,103,0.34,0.003300970873786408,6 / 9 / 9,8 / 7 / 6,134
0x6e07c1958a64b4ab1817c0bf30e18a99f7219fdb,116,0.54,0.004655172413793104,6 / 13 / 14,27 / 20 / 10,307
0x027912e26d4dbba8bb94e121ee1fb939ece4d4d3,107,0.42,0.003925233644859813,6 / 21 / 15,10 / 7 / 4,93
0x32bfd32593c3fe7e53e67a7062d5c2d70c30cd8e,102,0.36,0.003529411764705882,3 / 17 / 11,17 / 8 / 6,131
0xb7bd333f479dfcc0164bad822bb2e2096227fdd5,153,0.53,0.0034640522875816994,6 / 8 / 9,6 / 6 / 5,136
0x94c5c09e48dbaa17615ff5d28c775a5a915b3085,267,0.0,0.0,3 / 14 / 3,64 / 15 / 5,96
0x6ef435b04fbc9cfddb4008aad9c569374c471cc3,233,0.0,0.0,3 / 2 / 4,71 / 12 / 5,309
0x23075297f17a75ce95cfe418251c624209e03bcc,102,0.62,0.00607843137254902,4 / 18 / 8,13 / 4 / 3,79
0xd67d22cf1f79f14eff7d88f45ae2180238005257,111,0.58,0.005225225225225225,3 / 3 / 3,8 / 7 / 4,339
0x0e6328ca519871bf7cdee7f1d0c0fa9a877190bb,135,0.2,0.0014814814814814816,1 / 10 / 2,2 / 2 / 1,117
0xe6fd847a271c753ae73173dfb3cf11c0cfb4781c,115,0.71,0.0061739130434782605,5 / 20 / 9,10 / 4 / 3,79
0xaec05a3ff8684803d6349faeb4d4eb2d551ca7f1,143,0.0,0.0,2 / 2 / 2,39 / 14 / 4,241
0x6ce3ebef3d87f8f58bcd0808cbc9d99a5ebef57d,215,0.0,0.0,1 / 1 / 1,42 / 14 / 5,540
0xf1d34dc2c720673d1971d1df532b28b3a9ac911b,127,0.03,0.00023622047244094488,4 / 15 / 6,16 / 15 / 12,340
0x4df829ea5583757356a60cebf6f071a9fef665d6,104,0.47,0.004519230769230769,3 / 17 / 6,9 / 6 / 4,141
0xaf10988c04645c08a4dbdd982db3edfbadcc4cf6,101,0.11,0.0010891089108910892,3 / 8 / 6,19 / 5 / 3,93
0xa9beed3cb94cc4822ccf17753e844c33e457d4df,123,0.0,0.0,2 / 2 / 2,1 / 1 / 1,306
0xc4b46bb10e712430975eab1c741a2c4af7d77d7f,106,0.0,0.0,2 / 2 / 2,2 / 2 / 1,307
0xc5ea7545083c2e0747f903c84ec886c6c4a89924,112,0.4,0.0035714285714285718,3 / 3 / 3,9 / 9 / 5,344
0x4a751063f0493e006ab20459eee7ba7dcf56ed21,116,0.48,0.004137931034482759,7 / 23 / 20,20 / 16 / 10,295
0x3b53f332545fe9b9cd64ff48105880c6e600a7af,118,0.24,0.002033898305084746,1 / 6 / 1,17 / 10 / 3,76
0x14dd64f9dce382d279415b0ec1f0f5e85c37f66a,123,0.25,0.0020325203252032522,1 / 6 / 1,18 / 11 / 3,77
0x635d9a2e8416438ad75693a38e162613b51b9321,249,0.0,0.0,3 / 2 / 3,76 / 14 / 5,309
0x79271ef52c95e88d7624c9a90c8921a10eebdf26,114,0.36,0.003157894736842105,6 / 16 / 11,25 / 19 / 9,307
0x5f791a60ed37f1aeb70b257f79d130e8a081d401,101,0.44,0.004356435643564357,6 / 16 / 12,25 / 18 / 9,307
0xce0e6384d6309f33a04241e84c04a8f083397811,109,0.5,0.0045871559633027525,2 / 12 / 2,3 / 2 / 1,273
0x0794d1325f5c966fa9d8a565fe3fbe5000406e74,109,0.78,0.007155963302752294,4 / 14 / 4,11 / 9 / 6,272
0x6b863434085bf14fa335b7f1de711eba8588bc8b,109,0.8,0.007339449541284404,5 / 25 / 9,6 / 4 / 3,93
0xed2e4de041ad8020c6da7906071daeb3ac66c5ff,161,0.0,0.0,2 / 13 / 2,42 / 9 / 3,96
0x9eb2d5311edbafd2137b9292d5683c35bf301cc8,118,0.0,0.0,3 / 3 / 5,56 / 28 / 8,273
0xfc7b0ed65972cb3c9604be4d3017bbb51e0abe75,106,0.29,0.0027358490566037736,6 / 8 / 10,6 / 4 / 4,71
0x1cb984818380815f6d211006f1816135efceac9f,128,0.1,0.00078125,5 / 7 / 9,8 / 5 / 4,329
0xa667ddb5deb8ddddc09cc7bf62bb4756420c7419,154,0.24,0.0015584415584415584,1 / 10 / 2,1 / 1 / 1,122
0x2ff1857c874665c1dbf928da17b6dc8be0154f61,102,0.02,0.000196078431372549,5 / 9 / 9,42 / 23 / 11,318
0x17950e13e296194fa000b8c9ad1ccabc4dc52c8e,102,0.02,0.000196078431372549,5 / 9 / 9,42 / 23 / 11,318
0x90fa44faae084ef3d2af6fd487836c36ab6402a5,358,0.0,0.0,7 / 14 / 6,1 / 1 / 1,604
0xed6c6dcd925874dc73516f790014168dff1ffc68,113,0.0,0.0,2 / 3 / 13,25 / 15 / 6,715
0xed5be31e673452bff16d18cb7215d90acca83d3e,116,0.36,0.003103448275862069,7 / 24 / 20,21 / 18 / 11,301
0xc9357ac3434bc524f4a9405e2086ab8e911490ab,101,0.51,0.00504950495049505,6 / 8 / 10,7 / 5 / 4,75
0x93b6e24976a2a3bbed11feb840b47727be914d0d,104,0.0,0.0,2 / 2 / 2,37 / 10 / 4,166
0x077da864af74d4a9a33cfb80095ec83088552946,107,0.29,0.0027102803738317757,6 / 8 / 9,7 / 6 / 4,76
0xb3d10ae56548ae09252fcf45d2fed8ea8b57dca4,107,0.47,0.004392523364485981,6 / 8 / 8,6 / 5 / 4,75
0xd471afbbaf92f4878398552bdb08f34da7015838,104,0.31,0.002980769230769231,6 / 12 / 14,25 / 20 / 11,307
0x7500f50af06341787382be611fd6ac715f4bc537,130,0.0,0.0,3 / 1 / 1,2 / 2 / 1,747
0x20fe10b966708b772e912458932a1206aa8d7e40,105,0.0,0.0,1 / 1 / 1,1 / 1 / 1,760
0x25df024637d4e56c1ae9563987bf3e92c9f534c0,129,0.0,0.0,4 / 4 / 1,28 / 12 / 3,366
0xcbe5a2411df144513a8e965f85e6abd2df7a0da3,102,0.5,0.004901960784313725,6 / 7 / 10,6 / 6 / 5,128
0xfb67a6a59609662330171f63142c7259f241f346,553,0.0,0.0,2 / 2 / 2,3 / 3 / 3,660
0xfc8aa7f89d7e7e48bd87df797b1510a80d307b73,143,0.0,0.0,3 / 2 / 3,43 / 39 / 11,317
0xdb80515442eeb8eae28776bff857491397e5c08b,243,0.0,0.0,3 / 2 / 4,74 / 14 / 6,309
0x43f3f19f0a0915fa046284a4e02ba5db2013b15c,248,0.0,0.0,3 / 2 / 4,76 / 15 / 6,309
0xc345336ab9b421185262edf31d9f493e9c53575f,249,0.0,0.0,3 / 2 / 4,81 / 18 / 8,309
0xbf7a6655e20e4a5d3e62b8e4c7af3a5562a00983,420,0.0,0.0,1 / 2 / 2,37 / 9 / 4,143
0xedce98563c8a1b047bdfebd1e1831d210144aaf2,419,0.0,0.0,1 / 2 / 2,36 / 9 / 4,143
0x12ea6c8e462684634889d3d3f83af89c9c2af392,107,0.0,0.0,2 / 2 / 2,2 / 2 / 1,307
0x06c4526702984abdd71cdb0651f1001345a64bdf,149,0.0,0.0,7 / 10 / 4,8 / 3 / 1,420
0xbe56959e5a0f0ad22c31d641996978e5517bbb72,118,0.0,0.0,2 / 3 / 11,16 / 10 / 5,724
0x0bfcb9c067fc33d7ba36769aa305ab2df355e9fb,338,0.0,0.0,6 / 6 / 8,73 / 18 / 5,280
0x88ae1288fe9bad61508a32d34d7f67a1a623fef0,117,0.44,0.0037606837606837607,5 / 19 / 14,18 / 8 / 6,179
0x417b4adc279743fc49f047c323fc668db9e600d8,110,0.0,0.0,6 / 10 / 5,56 / 33 / 14,392
0x0db8d2c3e23ae0c6bdc9b3bfc9cf6e1e59306897,115,0.57,0.004956521739130434,7 / 23 / 21,21 / 18 / 11,294
0xa165fb8386217c22a3cf16657b0bd0ff677e3045,175,0.17,0.0009714285714285715,1 / 1 / 1,1 / 1 / 1,294
0x73a09d6e96cdb55d18096539308747aeccd205ef,557,0.0,0.0,2 / 2 / 191,11 / 6 / 5,593
0x5b0390bccca1f040d8993eb6e4ce8ded93721765,117,0.0,0.0,8 / 12 / 8,7 / 2 / 2,282
0xd16380aee31bb2760e824a8c728cd32ea941a8c7,101,0.13,0.0012871287128712872,3 / 7 / 6,16 / 5 / 3,93
0x240035d887b342a0909b99c6ecbee8c925eae552,191,0.0,0.0,1 / 3 / 7,21 / 5 / 3,38
0x09f5c34fd4a7c84e313be9cd2b9c922d8104004e,102,0.36,0.003529411764705882,6 / 15 / 13,25 / 19 / 9,307
0x62e3570bfd0128568244f6c36113cb6a7bcce4fb,238,0.0,0.0,3 / 2 / 4,71 / 12 / 5,309
0xd7f3c9ed698727ede217d94cb55073135adbfa43,114,0.34,0.0029824561403508773,7 / 25 / 20,20 / 17 / 10,296
0xa90d19d4c4545dd0dcd0d58ab15bcbfbd39dbaa9,112,0.14,0.00125,2 / 20 / 7,12 / 7 / 4,262
0x98ed3158974878c758a14fa9a3f31e672f526945,420,0.0,0.0,1 / 2 / 2,37 / 9 / 4,143
0xdc2640f503c283e59f3c45715ab83fd316041b23,420,0.0,0.0,1 / 2 / 2,37 / 9 / 4,143
0xee405ac3285003758238361567a002009e725d4f,126,0.02,0.00015873015873015873,4 / 15 / 6,16 / 15 / 12,340
0x31785e465ccb1e546ea4a9ce67f0a244dab80d1e,133,0.32,0.002406015037593985,6 / 12 / 8,8 / 5 / 4,142
0x4c510786357776378e49eb5557bc5757aa4597e2,123,0.58,0.004715447154471544,3 / 3 / 3,7 / 6 / 4,339
0x1804a513194295a8e91a2854adc0a0d6dcbb351e,158,0.24,0.0015189873417721519,1 / 10 / 2,1 / 1 / 1,119
0xe2621b04540dfbba0ae2eafe44ad897163afa760,119,0.0,0.0,2 / 2 / 2,2 / 1 / 1,307
0x5040b00169bda3b941f27135b9a089efb8db2cdc,110,0.58,0.005272727272727273,3 / 3 / 3,9 / 8 / 4,336
0xc7164f3b45b0ec154d63cdb5d32d0aadf45d4044,213,0.41,0.0019248826291079811,3 / 3 / 3,10 / 9 / 5,346
0x73e1f3f61a3a518e42644af12afeee1c1abe3473,414,0.0,0.0,1 / 2 / 2,37 / 9 / 4,143
0x4266a7d730c02ab204b13a05287474ca1de95ec1,421,0.0,0.0,1 / 2 / 2,36 / 9 / 4,143
0xc642e14878ba4630a50c465499123add252ef63e,662,0.0,0.0,6 / 7 / 3,135 / 25 / 7,168
0x59ed948390f079f2534c052acc3419d34975e026,152,0.0,0.0,5 / 11 / 4,70 / 38 / 11,333
0xbb7b9f959f0eef0ab70451bfe1c02cad9e5780d1,171,0.51,0.0029824561403508773,1 / 11 / 1,38 / 7 / 2,77
0x72b9da897c0abbb563d9f14ba6581c4f0129f334,222,0.51,0.0022972972972972973,2 / 13 / 2,7 / 2 / 1,83
0x4844a229d8a958ce06fd424bd853419f24d26dd2,234,0.0,0.0,3 / 2 / 4,69 / 14 / 6,309
0x08b5fd8e5cf9bcede3036414700e4cd060bd383c,124,0.31,0.0025,7 / 14 / 17,14 / 12 / 9,308
0x9e4de48d3e64da32851ad14408c63e6c0c111da1,116,0.24,0.0020689655172413794,3 / 13 / 5,8 / 7 / 5,141
0x49de5e830df6c4d04e69cfaebef31b92d2f2c08f,129,0.22,0.0017054263565891472,1 / 10 / 2,2 / 2 / 1,117
0x00af0078cbb374f56bded6d3caff947c8a94c839,106,0.34,0.003207547169811321,7 / 22 / 14,10 / 7 / 4,93
0x40fdd6034b33ab01e284e5a4366d1a57d4cef6d1,128,0.93,0.007265625,5 / 17 / 10,10 / 7 / 4,137
0xc5d514be47374f1021c65c783e2287235500fd8a,421,0.0,0.0,1 / 2 / 2,36 / 9 / 4,143
0x7dea3368e2d40ab08dcd8c91dcba9240239602ac,121,0.18,0.0014876033057851239,1 / 10 / 2,1 / 1 / 1,119
0x77fb74b4c57a670939fb2d5a9abbdb7b718322f7,132,0.45,0.0034090909090909094,3 / 9 / 8,9 / 8 / 5,134
0x4a2a8e834cb8d8658eafe763022fba0a696e7335,132,0.21,0.0015909090909090907,1 / 10 / 2,1 / 1 / 1,122
0x456a7b7081bb00f899a7d8b19536610f6aa66b47,108,0.08,0.0007407407407407407,6 / 11 / 13,50 / 22 / 11,336
0xd03332c2cd549b0006d6bf629a8480cce79967ac,108,0.02,0.00018518518518518518,5 / 9 / 9,41 / 23 / 11,318
0x8bc1df179ed420bcb2ba46c03b1575a608165bd4,107,0.11,0.00102803738317757,5 / 7 / 9,8 / 4 / 3,329
0x711ab5aa92b2e5ac918f7822997aa2808094038e,109,0.28,0.0025688073394495416,3 / 14 / 5,5 / 4 / 3,141
0xcaa1fe0dc3065b5f37041398b449db73088aa67a,147,0.23,0.001564625850340136,1 / 10 / 2,1 / 1 / 1,123
0xdd985489e45cb98c3a3f21aaa43e722f287c2b4b,107,0.08,0.0007476635514018691,6 / 11 / 13,50 / 22 / 11,336
0x07aced52eebbd1642799fb48bbead5bc64616341,190,0.0,0.0,1 / 8 / 1,143 / 47 / 12,381
0x52374d8cbb9cc891ab46ca32d5d40cb8908eaa8d,420,0.0,0.0,1 / 2 / 2,37 / 9 / 4,143
0xff18a28022ba36c5153b095ba539527a6e839c60,105,0.0,0.0,3 / 3 / 3,21 / 5 / 2,293
0x49d0384168d4fd67a5853ddd776650250ca9a105,101,0.02,0.00019801980198019803,5 / 9 / 9,43 / 23 / 11,318
0x15f7eaed1e8fdc855ab3f9b5299947dab8302cf9,112,0.43,0.0038392857142857144,3 / 16 / 7,7 / 6 / 5,141
0x26f308485a340affac0167b833d628166811e83e,111,0.32,0.002882882882882883,3 / 14 / 6,9 / 7 / 4,141
0xbe032acf0e118cfb574c28d3500beb87671edd21,109,0.62,0.005688073394495413,4 / 14 / 4,12 / 10 / 6,271
0x3875537e369187f33054d84d9d73ec24fb27529c,394,0.0,0.0,1 / 1 / 1,32 / 7 / 2,143
0x301e99b4168910ecf41762e80a3802cfdb5d6b7f,116,0.2,0.001724137931034483,1 / 10 / 2,2 / 2 / 1,117
0x2430e7c5ea22d37fa7c4b10e9738ae7dd8708758,123,0.0,0.0,2 / 2 / 2,1 / 1 / 1,306
0x1e3da33b6052bd29068cfe2f89127a27dc242fe3,125,0.02,0.00016,4 / 15 / 6,14 / 14 / 11,340
0x1002127292ebb29aca54926f520fcafc24dcee73,112,0.2,0.0017857142857142859,1 / 7 / 7,7 / 5 / 4,107
0x4de46d037565612e65b4edd79bb9791bd3918174,116,0.19,0.0016379310344827587,1 / 10 / 2,1 / 1 / 1,123
0x1ad0254b7ca0286c99e2b1f47543b0f40f8a783c,109,0.41,0.0037614678899082566,6 / 14 / 8,8 / 4 / 3,104
0xe2b74253082cf4e601bebd172c4dc86d0063870f,111,0.49,0.004414414414414414,7 / 18 / 20,31 / 13 / 5,128
0x91e55d8cf8812c58da1a7dd8d5804a33b9d92731,115,0.23,0.002,3 / 5 / 5,9 / 7 / 4,348
0xf4ab75a0e87444675b1cabcb1d3b5f3ccb3879a2,123,0.0,0.0,2 / 2 / 2,1 / 1 / 1,306
0xe54c2240ad61a46c324d50f46194ebf501a77ab1,103,0.16,0.0015533980582524273,1 / 10 / 2,2 / 2 / 1,117
0x36f26500b8da1b75c649559bd6fa99584bda7a93,138,0.0,0.0,1 / 1 / 1,16 / 6 / 3,124
0x348038ceb6526d4d33e15ea828fb8d6e8e90b41a,420,0.0,0.0,1 / 2 / 2,36 / 9 / 4,143
0x263cc2829548b6c8eb7eec14d681ae48c4b3fac8,234,0.0,0.0,3 / 2 / 4,68 / 13 / 6,309
0xddfaecccf97fee19c3249e0c6e7b0527790aac9b,102,0.41,0.004019607843137255,6 / 14 / 10,24 / 18 / 10,307
0xf93e3b36673b8b585b562e17dc481673729382ec,118,0.35,0.002966101694915254,6 / 14 / 9,6 / 5 / 3,105
0xeeb5186bf1b912c04057269c976e7fe065b623ef,246,0.0,0.0,3 / 2 / 4,77 / 15 / 6,309
0xc5c91273ffdfda5c39bc4c2c6a3f714ebaca2e29,420,0.0,0.0,1 / 2 / 2,36 / 9 / 4,143
0x761590734251ac5084a06e61bf5af6c9ecd88c0f,557,0.0,0.0,6 / 6 / 1,59 / 9 / 3,185
0xf5ba634539106b5d1b95c5cc847d8ae79b75b378,130,0.0,0.0,2 / 3 / 2,18 / 9 / 5,263
0xefc3251c68a399dac7f21c35d8b6e463b2fa3829,109,0.05,0.00045871559633027525,1 / 4 / 3,10 / 6 / 4,191
0x7e5ca8b1792dab85ee24eceaf086f1b4b0391d95,262,0.0,0.0,3 / 14 / 3,65 / 15 / 5,96
0xf32d53a5f4482c674f0c9c3362f4aa155b3ba67e,104,0.0,0.0,1 / 12 / 1,8 / 4 / 2,47
0x6bd3a4cb969674f767ee265dcf502d6d791cb2b1,381,0.0,0.0,2 / 2 / 1,30 / 9 / 2,61
0xb0796ccde36b8da5f539c4612eb3950e3f82da89,342,0.0,0.0,5 / 6 / 1,57 / 10 / 4,64
0x4d6b771adc3e5eb181e64c13567cd87d74baa576,103,0.39,0.0037864077669902915,6 / 14 / 14,26 / 19 / 10,307
0x048a2a082509eff8858a27d06dc8a648fa2401dc,244,0.0,0.0,2 / 14 / 3,62 / 15 / 5,96
0x2f5bc3dd4a46dae592b65cf71a6323e56f32683a,104,0.42,0.0040384615384615385,6 / 15 / 11,25 / 19 / 10,307
0x053c861ebefb5422ceb4751c9ad83ba09edef074,107,0.37,0.0034579439252336447,7 / 20 / 16,8 / 7 / 4,93
0x5274c23e6f019178a29fd4c515e546f9d0533677,235,0.0,0.0,3 / 2 / 3,70 / 12 / 4,309
0xf45d099193372800f2449d454d1c1a2e76d69e71,133,1.02,0.007669172932330827,3 / 5 / 8,18 / 6 / 3,158
0x1fe29640adae756e676ca882c4b4248da695d73d,126,0.02,0.00015873015873015873,4 / 15 / 6,16 / 15 / 12,340
0x029fb5fa75d87ca1269e441308adad022209c381,108,0.55,0.005092592592592593,6 / 14 / 12,26 / 19 / 9,307
0x5a8fe7754ce2d5b375cedf007918613fcc13d198,238,0.0,0.0,3 / 2 / 4,71 / 13 / 5,309
0x01b81bb01ac3f897eff7572543a4f7289b8b2a1c,228,0.0,0.0,2 / 13 / 2,61 / 15 / 5,96
0xccfeaca5be23767f42b0e599075a0bce4e87e931,242,0.0,0.0,3 / 2 / 5,71 / 15 / 7,309
0xdc3e951a5b527404e9d899a9a442c8fd92dd01fd,114,0.37,0.003245614035087719,7 / 25 / 21,19 / 17 / 11,289
0x82f5ec7f7f3ebde6080c31e633d0de8113459835,248,0.0,0.0,3 / 2 / 5,78 / 17 / 7,309
0xe4fb18c348bf6f945c217ffe2961c278cd8a3f22,249,0.0,0.0,3 / 2 / 4,76 / 14 / 6,309
0x278955b76c5a102260eaba52a0e7c3fe389a85ad,389,1.0,0.002570694087403599,3 / 4 / 4,64 / 14 / 5,314
0xa7b3901961bf44b5decf25e29559c4b526905245,244,0.0,0.0,3 / 2 / 5,75 / 15 / 6,309
0x269f7ec12ca88c72f324e3358a6f62afa5a5e29b,116,0.81,0.006982758620689655,5 / 21 / 9,10 / 4 / 2,79
0xf85a324598fd5a8afbd5171d273c5697239e687b,103,0.54,0.0052427184466019424,6 / 9 / 10,7 / 5 / 4,76
0x47126306a1c58e278581851a1e9e5761b8bc24f1,110,0.4,0.0036363636363636364,3 / 6 / 6,10 / 8 / 4,346
0x66c6dc9050b80507a566d5e930ebcfc9dacb4095,117,0.44,0.0037606837606837607,4 / 11 / 6,15 / 9 / 5,342
0x36303544a7fab6a3226c990df054e2f81aed3906,110,0.09,0.0008181818181818182,5 / 7 / 9,8 / 5 / 4,329
0x770e28c0435827bab18027d2980d31d3e682122a,115,0.6,0.005217391304347826,3 / 6 / 6,11 / 8 / 5,347
0x028e1332d565e481b768679d3ff4d3100818269b,103,0.02,0.0001941747572815534,5 / 9 / 9,42 / 23 / 11,318
0xb24430ee3c9749590d0ba2721c82b4f83837ee02,421,0.0,0.0,1 / 2 / 2,36 / 9 / 4,143
0xa45c303e1e7887afa4fc0772441f761734508363,105,0.11,0.0010476190476190477,2 / 7 / 5,19 / 5 / 3,93
0x86456140a0b63b003d722a331737bbc7a3ec1e89,251,0.0,0.0,3 / 2 / 4,78 / 15 / 6,309
0x6aab7c31e9621fc95829406d746ba0c78bc3f279,702,0.0,0.0,4 / 4 / 1,13 / 2 / 1,108
0xbb481e60dab8c226dcbdadca9672cfd9320c02c3,119,0.0,0.0,2 / 2 / 2,2 / 1 / 1,307
0x882341e1d2ad8d99237b52dbe7cad9f0374e5d65,113,0.32,0.002831858407079646,3 / 14 / 4,9 / 6 / 3,141
0x2e29a45358f49df9c0b3bb7c9d29bfc354ed15f8,591,0.0,0.0,4 / 4 / 1,12 / 2 / 1,108
0xd35881b1a03329a4a47b752b4e2f974058720169,110,0.34,0.003090909090909091,3 / 15 / 4,8 / 6 / 3,140
0x296f93100c7f27eeca196d0f4139f6059c161b32,106,0.2,0.0018867924528301887,5 / 7 / 5,28 / 10 / 3,85
0x6eb0dfb5b28987c694256aca1d589cd846489dde,113,0.57,0.005044247787610619,6 / 11 / 11,38 / 21 / 9,324
0x7c77c423b601b828efa788307a5a054ac5c5101d,212,1.8,0.008490566037735849,6 / 12 / 16,41 / 24 / 10,326
0x549b2dc572c9e380bf26b3b51b0a59f393d6b1a8,251,0.0,0.0,3 / 2 / 4,77 / 16 / 7,309
0x2358dad66baacf6a9f7474bbcfdf9aade376ccad,173,0.55,0.003179190751445087,1 / 11 / 1,39 / 7 / 2,77
0xd7e833a1e83bb0184463ede6b82b33a5222f5d59,197,0.0,0.0,2 / 14 / 2,61 / 15 / 5,96
0xb60e3e11e505688db4c5665c3f34d682e6e6052f,236,0.0,0.0,3 / 2 / 4,68 / 12 / 6,309
0x3bedd6df87f5f56d2efa0ab962cd52cc4b83f0f8,116,0.2,0.001724137931034483,5 / 11 / 15,43 / 19 / 7,236
0x40e941aa8efd0fda3b2df7563ca4681afa6c7b0c,249,0.0,0.0,3 / 2 / 3,76 / 15 / 5,309
0xec00e277d821ad8af8102fea8672c689772db5dc,236,0.0,0.0,3 / 2 / 4,69 / 13 / 6,309
0xa78beaf35ba989332e966700c084641a3634acff,421,0.0,0.0,1 / 2 / 2,37 / 9 / 4,143
0x777cd04bed579ab1996b87faafef15070de3b226,109,0.32,0.0029357798165137615,9 / 21 / 15,14 / 11 / 4,132
0xbef6c2b8ff35925b11f1376dffbc57708e091982,108,0.19,0.0017592592592592592,6 / 13 / 11,22 / 16 / 9,307
0x0454810478fb848505b107d5f60114ad469067d0,135,0.62,0.0045925925925925926,6 / 10 / 9,6 / 5 / 4,67
0x9bffba06ceb4d79cdfef03a5e74b04dfbc5f5928,125,0.09,0.0007199999999999999,5 / 7 / 9,11 / 6 / 5,329
0x0a805fcb5cabd551869e08e9a805a1672810a4c8,111,0.04,0.00036036036036036037,2 / 2 / 2,9 / 8 / 4,336
0x580a07431766f82a1ac9b6a8668977cf2ce130db,111,0.24,0.002162162162162162,3 / 16 / 6,6 / 5 / 4,140
0x680b1818b293b9c34834c6908d60a99d40ea1eb8,123,0.32,0.0026016260162601626,6 / 12 / 15,20 / 13 / 10,310
0xb0bd2ce4b2be3a8d3270c5bee17fad903b829a61,108,0.17,0.001574074074074074,1 / 10 / 2,2 / 2 / 1,117
0x3d0ff12edca3613c4972b4d1a98f6665557cf10a,104,0.38,0.003653846153846154,3 / 3 / 3,8 / 8 / 5,342
0x702bb7edbbe9648024656ce07a24c03a1c412eaa,133,0.22,0.0016541353383458647,1 / 10 / 2,2 / 2 / 1,117
0x7cb0617b1fd586d31169fcc113ba4022dd227f48,126,0.01,7.936507936507937e-05,4 / 15 / 6,15 / 15 / 12,340
0x4e855ceef41da047bb4ab0c8700825a7a6f5f1c1,118,0.17,0.001440677966101695,6 / 13 / 13,25 / 18 / 11,307
0xc1f5965cde3d74e5b16f1fbae015e1856acc4269,108,0.52,0.004814814814814815,6 / 15 / 13,26 / 20 / 11,307
0x79b812e46dc34afda37d8329951d788f40b8ff35,422,0.0,0.0,1 / 2 / 2,39 / 9 / 4,143
0x4882cfba129af03dbc40f5215c2656096547f088,244,0.0,0.0,3 / 2 / 5,74 / 14 / 6,309
0x355c751fbc25f9f6ec9543753c9ec71cee31e9a7,102,0.51,0.005,6 / 14 / 12,26 / 19 / 10,307
0x9960f92ec792fb06c0efa0afdba8156aa8b5c330,101,0.1,0.0009900990099009901,6 / 12 / 10,22 / 17 / 9,307
0xdaa8c5c8845f0cb8a1355c5b4ebf52baf689c4d6,118,0.32,0.002711864406779661,4 / 9 / 5,6 / 5 / 5,164
0xee1802681c39d1cc9a8cfc64b556bf31f5abd5f4,110,0.34,0.003090909090909091,3 / 17 / 5,11 / 9 / 4,140
0xa26d43835c14a2e2584e050037addfe146151bf9,102,0.64,0.006274509803921568,4 / 18 / 6,8 / 8 / 4,243
0x0dde99af3ccab0be5cee5c0b3a5354416f508580,105,0.02,0.00019047619047619048,5 / 9 / 9,43 / 23 / 11,318
0x8250aa12babe41f7015a96c0d05590e695114518,119,0.0,0.0,2 / 2 / 2,2 / 1 / 1,307
0xf9b44656900f54ff09f1f68197abe60f4e5eb988,133,0.7,0.005263157894736842,1 / 7 / 1,20 / 11 / 3,78
0xee702c53d35537f2509f2e9514a4152020e46cb7,128,0.42,0.00328125,3 / 6 / 6,9 / 6 / 4,338
0xcf069da4396805c3852a1ff7f1b7851b77032ceb,111,0.0,0.0,2 / 1 / 3,5 / 2 / 2,760
0xaf6370e9172d0f8fbda476528a662df392291459,111,0.21,0.0018918918918918919,1 / 11 / 1,1 / 1 / 1,82
0x9ab452e04abd3ad14939a4fbaf991b7cd09fd034,171,0.52,0.00304093567251462,1 / 12 / 1,37 / 7 / 2,77
0x461e374825ce0ed2eac602c9f28ecbff303d6aec,105,0.35,0.003333333333333333,6 / 14 / 11,25 / 18 / 9,307
0x7c2199ceeda5a4a14c13f99235418c34e92d46fe,111,0.41,0.0036936936936936933,3 / 6 / 6,11 / 9 / 5,345
0x3d01d2d2023a37c4a26128a8f2dc707288b3a479,250,0.0,0.0,3 / 2 / 5,79 / 17 / 7,309
0x1f95fa83f9110b6e2a2453c763b475b6019116d3,238,0.0,0.0,3 / 2 / 4,71 / 14 / 6,309
0x87cb2031c1cf8bf5d598336461f02ccf18a6b450,247,0.0,0.0,3 / 2 / 4,78 / 16 / 6,309
0x1f1e90b465046dc37cfc3c13822d8e916bc10dbe,103,0.19,0.0018446601941747574,1 / 1 / 1,3 / 1 / 1,351
0x0a2e57eb9ec9df5625e1fc267d1d336200479378,421,0.0,0.0,1 / 2 / 2,36 / 9 / 4,143
0x0532fdd645c9d4902248238158e8afd4b8a676ab,104,0.34,0.0032692307692307695,7 / 18 / 16,14 / 8 / 3,135
0x30de5f5931810c5a9f358323a120eb6418d7096b,103,0.05,0.00048543689320388353,2 / 16 / 3,5 / 4 / 4,130
0x99a4f8235ac0cfae555e21c44529c01f6680bd35,240,0.0,0.0,3 / 2 / 4,71 / 13 / 6,309
0x7ef8708af457cc279c19291b979f82a89cf3faa7,119,0.31,0.002605042016806723,6 / 13 / 11,25 / 19 / 9,307
0x57ce0e4ec776c11e5d702c0a874925d73d85aebb,103,0.15,0.0014563106796116505,6 / 17 / 11,23 / 18 / 11,307
0x49cf6918a3326f5d40d83962015452fccd03e26f,118,0.09,0.0007627118644067797,5 / 7 / 9,9 / 5 / 4,329
0x13cb1b36989e5dc25f7af28ff0d8b93e6dcdd15e,196,0.4,0.0020408163265306124,5 / 7 / 9,9 / 4 / 3,329
0x9738e56d5185f70623dfef61ac5fd14801d3e034,156,0.13,0.0008333333333333334,2 / 17 / 8,11 / 10 / 9,250
0x9e2fb0fe89ab9f41563291f02f1ab0071c11f981,112,0.0,0.0,1 / 1 / 1,1 / 1 / 1,289
0x46e7cd41d50bf0a9ecc51d39cbed7c3ffc60e330,107,0.0,0.0,2 / 2 / 2,2 / 2 / 1,307
0x83d72e2602ae404f803cecaf65f5cc11285a31a8,106,0.2,0.0018867924528301887,5 / 7 / 5,28 / 10 / 3,85
0x4e3d22a097dca262ca67dfb1cc43d99d3f8183cf,111,0.43,0.0038738738738738738,3 / 15 / 6,11 / 8 / 5,141
0x3416fc7652c46e1f41ee393d9d2a9b60421f0ba4,103,0.12,0.0011650485436893203,6 / 13 / 11,21 / 18 / 10,307
0x51d7e0703d211cee8d4e38acd8710326fb927666,122,0.06,0.0004918032786885246,5 / 7 / 9,8 / 4 / 3,329
0x2f86bbe691279bd8e3b9c01f30ce64804c193bb7,121,0.3,0.0024793388429752063,8 / 9 / 16,20 / 15 / 8,317
0xf94710e135dfae514c9d12ceae5ec6e263838a67,134,0.09,0.0006716417910447761,5 / 7 / 9,9 / 5 / 4,329
0x99e96bb7a6b95749d0ba9d6acd775a871846dcec,115,0.36,0.0031304347826086954,2 / 8 / 5,7 / 5 / 5,165
0xe3e06a22d147b430531132f21338c1ef343dbb4d,109,0.17,0.001559633027522936,1 / 10 / 2,2 / 2 / 1,117
0xd8fb1ba36cb36f7b754b4fc8ac0a8faa647566c7,105,0.0,0.0,3 / 2 / 3,21 / 5 / 2,293
0x1319e7e1359cba833f0eb2fcebd60060a0c41008,194,0.16,0.0008247422680412372,5 / 7 / 9,12 / 5 / 4,329
0x9a90f4d10bbb52b5f3816f31a5cc007ad11b073e,104,0.31,0.002980769230769231,3 / 16 / 5,8 / 6 / 3,140
0x901857dbba17bcaa2f42360fe9ebc0a5e6bacef4,128,0.2,0.0015625,1 / 10 / 2,1 / 1 / 1,119
0xebbcc04f6865f26a31fc082d629df4eee293af48,421,0.0,0.0,1 / 2 / 2,36 / 9 / 4,143
0x8690e4c1c23fd4ced3370e51b899feb8c9fabf19,109,0.17,0.001559633027522936,1 / 10 / 2,2 / 2 / 1,117
0xdfec475001288aa7cb88b10679eb6c273a09c8d0,123,0.0,0.0,2 / 2 / 2,1 / 1 / 1,306
0x784f4621b9d511eb819a14cdc0e1535d4ab13b4e,126,0.96,0.007619047619047619,2 / 7 / 3,23 / 6 / 2,55
0x4a25d28d10b02bcf13a16068f56d167d8f96d093,991,0.0,0.0,3 / 6 / 1,46 / 20 / 8,220
0x10edd7f35b876f048b834ea99eff4849cc185732,102,0.07,0.0006862745098039216,7 / 20 / 10,15 / 14 / 13,371
0x4a5ef2364b10e3257c66ca50bfde6aedd7b6de50,168,0.0,0.0,2 / 2 / 2,2 / 1 / 1,338
0x09b3f52691def81d3dd7d6e1e45ab4054230cfc6,135,0.21,0.0015555555555555555,1 / 10 / 2,2 / 2 / 1,117
0x942816096e23dda204e00f37325fd9dc594d6b88,119,0.0,0.0,2 / 2 / 2,2 / 1 / 1,307
0x5c4649bcef5538e12198e7c15205e77565ca4003,101,0.02,0.00019801980198019803,5 / 9 / 9,41 / 23 / 11,318
0xa3bf6034fd13e593e1023238e3797239e9747172,226,0.54,0.0023893805309734514,1 / 13 / 1,21 / 7 / 2,58
0x274a66e187d83a7532e57674df9bd6287933868b,108,0.31,0.0028703703703703703,6 / 14 / 12,25 / 20 / 10,307
0xb0849e37debcb122ddf206c5dbaf54bc479253c9,119,0.1,0.0008403361344537816,5 / 7 / 9,9 / 5 / 4,329
0x611ba9788df7e50d254f3f6b6e980b75769154f0,103,0.02,0.0001941747572815534,5 / 9 / 9,41 / 23 / 11,318
0x8d127ada3bea6bf6e96fb69fa39d9d65fcc5e297,110,0.77,0.007,6 / 12 / 16,35 / 23 / 10,327
0x60ee2edf4d465c9cea0f9e39c0dfbc5b5d2a3fc7,420,0.01,2.380952380952381e-05,1 / 2 / 2,37 / 9 / 4,143
0x3552cd000c087f5c8286127c346be682faf8218e,421,0.0,0.0,1 / 2 / 2,36 / 9 / 4,143
0xf154bdbb80b5dcd3b97bf6277e821e29f2ff8876,111,0.02,0.00018018018018018018,5 / 9 / 9,40 / 23 / 11,318
0xfae01ddb5bdb31bbe99cd7bd271b3e6d0ca5b489,107,0.29,0.0027102803738317757,6 / 13 / 13,23 / 17 / 9,307
0x286aae9f0ba21669a3ec7ffe85886744690411cb,105,0.33,0.003142857142857143,6 / 15 / 12,23 / 18 / 10,307
0x12742c87015306075f8ed6dbdc740819edc4c513,421,0.0,0.0,1 / 2 / 2,36 / 9 / 4,143
0xca25afc53a12b50fedf6192f25febeaa0f8640d4,155,0.42,0.002709677419354839,3 / 6 / 6,11 / 8 / 4,341
0xcfd198bf85e30376bc0868a011adf61ab5c090cc,146,0.0,0.0,3 / 2 / 3,43 / 39 / 11,335
0xadf764743fc69d9f9375b6b1c58187ed79ee3fa5,116,0.27,0.002327586206896552,3 / 9 / 5,6 / 5 / 5,164
0x33924e41e132c5ec088f5b5b1118bc54eb97fe2a,117,0.74,0.006324786324786324,7 / 21 / 19,8 / 8 / 8,245
0xa18a3dba1d7158b17ea56e93e0e6c07021c8de9a,101,0.0,0.0,3 / 7 / 3,17 / 9 / 5,114
0x83bf8c0062d35807480984d965c6cda643320414,277,0.0,0.0,3 / 14 / 3,65 / 15 / 5,96
0x2d301fe076b4a5b7ad5ada2a82c7baaf6b93fc86,114,0.58,0.005087719298245614,3 / 3 / 3,8 / 7 / 4,339
0xa9c85fff6248411e7928b0942971adeb01064caf,139,0.0,0.0,6 / 30 / 10,23 / 7 / 2,123
0xb341bab703def978beaabfcd8322f2bdad5cfb7b,422,0.0,0.0,1 / 2 / 2,36 / 9 / 4,143
0x02cd887bba811ad6e3ed342be55757a205db692a,184,0.0,0.0,2 / 13 / 2,47 / 10 / 3,96
0x38f63c55456e04dbda69cf9c313c3b77f3c00e88,102,0.31,0.00303921568627451,6 / 11 / 11,24 / 19 / 11,307
0xc6cab771884d7d05d468e8e0826cfb93784395a8,142,0.35,0.002464788732394366,2 / 3 / 3,29 / 11 / 4,336
0x990551bd6e6719d29ac68909e2a853a79dc6a083,422,0.0,0.0,1 / 2 / 2,37 / 9 / 4,143
0x72dce5a7d868e101593f45cdec48835da1d91a84,148,0.23,0.0015540540540540542,1 / 10 / 2,2 / 2 / 1,117
0x85fd66a2bbee79e247fb25dfdd64aacb12dac834,124,0.74,0.005967741935483871,5 / 16 / 5,4 / 4 / 4,220
0xfb289db3c8f7f730e32b60a44b6e4a48a3fd2977,106,0.08,0.0007547169811320754,6 / 11 / 13,50 / 22 / 11,336
0xa1f717b53be4f6a0ea21547d25b4e0e6a54b5b9e,106,0.02,0.00018867924528301886,5 / 9 / 9,41 / 23 / 11,318
0x5fe3c767e003fec111e86788276456887c89d95a,128,0.08,0.000625,5 / 7 / 9,9 / 6 / 5,329
0x586ada410275166ed78bc2422185c3feb97def25,104,0.28,0.0026923076923076926,3 / 15 / 7,7 / 5 / 4,141
0x31e6aa31b8b4cb6fa4d07747c3c47545813305a4,420,0.0,0.0,1 / 2 / 2,36 / 9 / 4,143
0xafd44305b78e189a1068676fbff8347cc0cd9756,103,0.02,0.0001941747572815534,5 / 9 / 9,41 / 23 / 11,318
0x41a7c1e1af2f8f819e568f491db80504cb61c018,127,0.02,0.00015748031496062991,4 / 15 / 6,15 / 15 / 12,340
0xf713b6381eff5d54525fcc815f35327675a26b8a,123,0.0,0.0,2 / 2 / 2,1 / 1 / 1,306
0xbe227f4a118bd27a3dee9a75c9b7184688980f1e,117,0.12,0.0010256410256410256,5 / 7 / 9,10 / 6 / 5,329
0x9f4d7de6e1a087ddc1a54b97e2863fbeaf5f32b4,101,0.02,0.00019801980198019803,5 / 9 / 9,43 / 23 / 11,318
0x5f744b8875f3b3bbad0f383494b6fc2de8341eb8,421,0.0,0.0,1 / 2 / 2,38 / 9 / 4,143
0xc0a611aef59566ad6c22ed2e3c9ade19dd1ac835,102,0.64,0.006274509803921568,6 / 8 / 10,6 / 4 / 4,75
0xbb00f829524e86d38a01ea67d5b4306866fc7b59,101,0.0,0.0,2 / 2 / 2,4 / 3 / 1,145
0xce6ee7ac2495136a68336d2ebad03eddf63d9c80,149,0.01,6.711409395973155e-05,1 / 1 / 1,2 / 1 / 1,294
0xbb7a302615cdb2a1b4b84ff0ca4e0fea66f0acbb,122,0.31,0.002540983606557377,6 / 13 / 14,26 / 21 / 11,307
0xd47e3bab88be47fb7b315094596dc1ede457f489,116,0.43,0.003706896551724138,3 / 11 / 5,12 / 6 / 3,151
0x15f950a8e9cb210c7ecdb14b34373d26c09ae13e,101,0.08,0.0007920792079207921,5 / 9 / 11,31 / 19 / 11,314
0x0a065a064cc104da3a104bf8def05c40bcc254b5,421,0.0,0.0,1 / 2 / 2,36 / 9 / 4,143
0xfddad2d6ad941da92f0c99d868f59dcde787effe,114,0.99,0.008684210526315789,5 / 19 / 8,8 / 5 / 3,137
0x36f1f74f524a75a2532f39463c474ff1e0ab939d,121,0.1,0.0008264462809917356,5 / 6 / 8,6 / 3 / 2,329
0xa499e1a5c8e987cd3a8ede5565bfa20215b9e7b3,111,0.32,0.002882882882882883,3 / 16 / 4,6 / 5 / 2,140
0xc7a253aaffcf57009e15b7031f62f38cd92ca278,105,0.02,0.00019047619047619048,5 / 9 / 9,41 / 23 / 11,318
0x7aabb01e5bbdfa75f3d68b06164b86d01c89a504,102,0.0,0.0,3 / 2 / 3,15 / 4 / 2,317
0x0bef9091975afb67abbbe81c427b77add74c3104,108,0.33,0.0030555555555555557,4 / 17 / 4,2 / 2 / 1,143
0xee4d2cbba95d10a11ff055a6ee7a9a981d609f36,101,0.16,0.0015841584158415843,1 / 10 / 2,2 / 2 / 1,117
0x810a6d05d2c92215a757299bf4ea9c1c9c483f15,127,0.21,0.001653543307086614,1 / 10 / 2,2 / 2 / 1,117
0x7ce3b029e9b7b08e0a0064c0505b57229a6d69f5,141,0.53,0.0037588652482269504,6 / 17 / 8,8 / 4 / 4,137
0x9207adede9346f68fdc415e27704785ff6d65508,238,0.0,0.0,1 / 14 / 2,7 / 2 / 2,98
0x235cb6d79d75a18a74e7c8d5e58949816ea131d7,247,0.0,0.0,3 / 2 / 4,78 / 16 / 6,309
0x993ffa894b30d6305eaf458621244740c07f7486,107,0.28,0.002616822429906542,6 / 15 / 9,5 / 5 / 3,124
0x7f71035d04458713318ea0f9b4e94418c2eb1574,110,0.41,0.003727272727272727,3 / 6 / 6,10 / 8 / 4,346
0x1d2bad6ec690e53b9910e3253e05eadfa586d88f,104,0.0,0.0,3 / 4 / 3,24 / 6 / 2,306
0x3b11ffaf5f32e384cb555ca62e921ae3738fba5f,110,0.34,0.003090909090909091,3 / 16 / 4,9 / 7 / 3,140
0xef04dc1656b5084057631d52e59d1a240b2199b0,114,0.13,0.0011403508771929826,4 / 7 / 6,5 / 3 / 3,85
0xb9b108fd2afdee64aa1a302da6a07b1dfc6ca240,121,0.25,0.002066115702479339,3 / 4 / 3,5 / 5 / 4,129
0x287f2e4d807ac857c063fcf5fd057a4cdf91f72d,422,0.0,0.0,1 / 2 / 2,36 / 9 / 4,143
0xca81f38dc54e366e1279c0fc242f5b8d70354182,118,0.76,0.006440677966101695,3 / 6 / 6,11 / 9 / 5,347
0xea58e0b5f26e67e7c033ba097bf05ac866a9b4a0,421,0.0,0.0,1 / 2 / 2,37 / 9 / 4,143
0xf50218807d1a1728fdc7162ad551d47b453fe3c4,420,0.0,0.0,1 / 2 / 2,37 / 9 / 4,143
0xac0ccce315a94ed15f8ee5c5562c51620b3e87e2,143,0.49,0.0034265734265734264,9 / 29 / 7,8 / 4 / 2,112
0x45d222bef3fb46990a9c1ed6699877727e3d9368,119,0.0,0.0,2 / 2 / 2,2 / 1 / 1,307
0x1074a892b8e88de8f02b684532929bf4c6ec6b14,112,0.34,0.003035714285714286,3 / 9 / 6,6 / 5 / 5,164
0x2112b6a1dc33bf41b044e05c6e26ac78ffc81683,105,0.18,0.0017142857142857142,4 / 12 / 7,5 / 4 / 3,69
0xb094257d02f188d83bb57141beab2eed054b91ed,122,0.45,0.0036885245901639345,3 / 9 / 6,7 / 6 / 5,164
0x6b4cb4dcab093f76c4e110c6707992959c28f655,117,0.45,0.0038461538461538464,6 / 13 / 13,26 / 18 / 10,307
0xc18518ff2ff19a515ca4da88e55c008a02ec423d,111,0.31,0.002792792792792793,3 / 14 / 5,8 / 6 / 3,141
0x40aa854318d55086280f5a3ac579ba7e27f2ddc7,105,0.56,0.005333333333333334,3 / 3 / 3,9 / 8 / 4,344
0x6d0bac933e588f8509720ba8899547fe4de6f891,177,0.0,0.0,3 / 14 / 3,45 / 12 / 4,96
0xaebaa0fd7467700dc1ca8ad0ecb0b562e73917e5,125,0.93,0.00744,5 / 19 / 11,8 / 8 / 8,246
0x69bdb17783161b8d8d3bb7bb7d337359ce5e48af,103,0.86,0.008349514563106796,8 / 28 / 18,13 / 5 / 3,274
0xb237472c1689f1cd3d932a17458f2fccdbc801b7,107,0.45,0.004205607476635514,6 / 14 / 10,24 / 19 / 11,307
0x9b0f7f7bd51a38989f74c2540baa922e65eb7ef3,101,0.11,0.0010891089108910892,6 / 12 / 14,25 / 19 / 10,307
0xb015fefc73955513f2bd20c287f62f6150d7a0ee,109,0.0,0.0,3 / 3 / 3,1 / 1 / 1,338
0x5bf851a42fc8ec55e99ae16c476985dd79f71c9f,105,0.12,0.0011428571428571427,2 / 8 / 4,18 / 4 / 3,93
0x6a02504d9d70d91a17a16d0fad209d950c63f9a9,103,0.0,0.0,1 / 1 / 1,30 / 14 / 7,426
0x6a5cc51cb40e1b253cf8d743a3f2405a0b9bc294,1083,0.0,0.0,3 / 3 / 9,180 / 26 / 7,179
0xb3ece108cde5df7f195bcc457002512d91a566d6,105,0.36,0.0034285714285714284,6 / 7 / 9,9 / 7 / 6,138
0x18fc6e860876430692dbe3185460e07abdc26b2f,108,0.0,0.0,8 / 10 / 8,87 / 25 / 6,176
0x699bb9a09965fd5972fa9832cc0c779bd41d5c58,105,0.1,0.0009523809523809524,3 / 9 / 5,19 / 5 / 3,92
0x0c8501f76db38f8d0b99c1a6ba2b0f45775833ab,107,0.42,0.003925233644859813,7 / 21 / 16,13 / 8 / 4,93
0x537563f6e1ee1deeca4a1daf6f9e9e12714d4b19,299,0.0,0.0,3 / 3 / 1,30 / 8 / 4,65
0x4cd2050eeb6f2c47ca6a0deaa53f89ba587f2617,128,0.0,0.0,2 / 2 / 1,81 / 19 / 5,139
0x524c0c824a38604b8d4368c1a265a4b533086be8,179,0.52,0.002905027932960894,1 / 10 / 1,37 / 7 / 2,77
0xab02f0fa6fada934c86a37d7f400feebd74752c3,114,0.34,0.0029824561403508773,6 / 12 / 11,25 / 19 / 10,307
0x217e97586061281bb7c6923240034e2814a7e121,108,0.45,0.004166666666666667,5 / 14 / 12,21 / 13 / 7,310
0x9633ce720de56765955d92e55773cf1f3488b4be,108,0.02,0.00018518518518518518,5 / 9 / 9,43 / 23 / 11,318
0x19153cff6984aa0448cc7c6825a21f5150156f06,106,0.12,0.0011320754716981133,5 / 6 / 9,8 / 4 / 3,329
0x95c77e1fcff32776f66d0834a4e746dee421867f,211,0.6,0.002843601895734597,3 / 3 / 3,8 / 7 / 3,337
0xd31539a26e764a20b50e97b0ff4c21b3633dd5d0,109,0.38,0.0034862385321100917,3 / 15 / 5,5 / 3 / 2,141
0x7217eee31246857a10dcae21d3257de7d9531e6a,139,0.22,0.0015827338129496403,1 / 10 / 2,2 / 2 / 1,117
0xdc0adb12b6e8c1f84c7d082bea2e82314df01a5a,108,0.41,0.003796296296296296,3 / 16 / 6,6 / 4 / 3,141
0x1e78b3418623e35eea4649fe04881a4071383126,104,0.02,0.0001923076923076923,5 / 9 / 9,41 / 22 / 11,318
0x0c597d986ba7fb041133b5fcc449f13eda5857dd,392,0.0,0.0,1 / 1 / 1,32 / 7 / 2,143
0x40a505dc92454b6542bd81475716e6bfc747a885,118,0.0,0.0,3 / 3 / 3,2 / 1 / 1,331
0xfd149de8d10970a99ca24ac24b09fb023b252f10,109,0.17,0.001559633027522936,1 / 5 / 1,2 / 2 / 2,129
0x70594d03e51ef486096db5d3565b9b3b2f6d5a19,112,0.18,0.0016071428571428571,1 / 10 / 2,2 / 2 / 1,117
0xded4b06a449c62626a7f5d290251b5f97663033a,119,0.0,0.0,2 / 2 / 2,2 / 1 / 1,307
0x0fb06d2c2bc42e8a31c69acb96e845eb660c3875,155,0.02,0.00012903225806451613,2 / 9 / 3,5 / 4 / 2,99
0x66c0fdfa2eefbc8e5f5e7ff4cc52b323d87029d2,102,0.07,0.0006862745098039216,7 / 20 / 10,15 / 14 / 13,371
0x2e2e3ab43b00ee73a3689e054ae32debd0023529,111,0.19,0.0017117117117117118,1 / 6 / 7,7 / 5 / 4,107
0xaac5ea4ad8b3801ccb4bb00a0cc682490d5be8ed,116,0.0,0.0,1 / 12 / 1,9 / 4 / 2,47
0x9096bfc67cbe6758216108540044fae30d1ba0cd,111,0.32,0.002882882882882883,3 / 16 / 4,7 / 4 / 2,140
0xe254f153182173d57532d4ddbe850a52b998862e,126,0.02,0.00015873015873015873,4 / 15 / 6,15 / 15 / 12,340
0x812a27383f687be4a9087dd98aa66c7f8e98003e,120,0.2,0.0016666666666666668,1 / 10 / 2,2 / 2 / 1,117
0xa8f766385f08905ae8ec43f2bc7702d7b7ec41c4,421,0.0,0.0,1 / 2 / 2,36 / 9 / 4,143
0xc4e51276e87a1c011bc0bc697ffae99e3d23d6c5,106,0.0,0.0,2 / 2 / 2,2 / 2 / 1,307
0x2853bf9466626504b9b1de3e731a0ad9bbe634ca,111,0.41,0.0036936936936936933,7 / 22 / 14,21 / 18 / 11,304
0xf8400fb5bf3b94c1e53cd882c101df986df28cc0,114,0.39,0.0034210526315789475,7 / 25 / 21,18 / 16 / 11,288
0x35b1ceba5c7f2ad4950c73dfd9b4972d713fea39,107,0.08,0.0007476635514018691,6 / 11 / 13,49 / 22 / 11,336
0xa5cb8b963dd020f8af9137a5f9924f968d7b09ab,106,0.31,0.0029245283018867925,5 / 17 / 14,7 / 4 / 3,137
0x49bd2c0ac8920b344a2532094c7668e55fa388a4,105,0.63,0.006,3 / 25 / 15,15 / 4 / 2,136
0x5a26abcc5e05a5824b63d24b33faa53e2b878f09,119,0.0,0.0,2 / 2 / 2,2 / 1 / 1,307
0x411b8e06efa782457984954b0bc6d56324b282da,236,0.0,0.0,3 / 2 / 3,70 / 12 / 5,309
0x5c85ca21ea96fb0b4cda5c6b77415c4c36fa0850,174,0.52,0.002988505747126437,2 / 11 / 2,38 / 7 / 2,77
0xd8883af04c1db420ae4941bd31e2ab46ee2b4edb,126,0.02,0.00015873015873015873,4 / 15 / 6,15 / 15 / 12,340
0x0beb222c6fd5aff5eb6261ca28c610e91b40c16f,125,0.19,0.00152,1 / 5 / 1,2 / 2 / 1,132
0x8309c0f3035280c18435cab586b7e62b6530eb56,107,0.42,0.003925233644859813,6 / 15 / 12,25 / 18 / 9,307
0x56bfc863b4e2f187ac23a54b36aa0107a59f9137,107,0.08,0.0007476635514018691,6 / 11 / 13,50 / 22 / 11,336
0x0688c58f8ebb9673090debe4090f758fc1a45678,104,0.39,0.0037500000000000003,6 / 14 / 12,24 / 17 / 9,307
0x87896c3d6984765c5d3a811c4572f156dbacf6f4,138,0.21,0.0015217391304347826,1 / 10 / 2,2 / 2 / 1,117
0x94718952f7696c0a3e692c5abeed1b7e5951eb6c,104,0.02,0.0001923076923076923,5 / 9 / 9,41 / 23 / 11,318
0x0402622f99003b0e79a46e73b91db55c2db5c084,108,0.09,0.0008333333333333333,6 / 16 / 12,24 / 18 / 10,307
0x501c65a72850adab7043f4b0a069e5add0e72fc7,107,0.2,0.001869158878504673,5 / 7 / 5,28 / 10 / 3,85
0xa74e4260db4fd369d12c20293fa3d49190c2cd0a,101,0.28,0.0027722772277227726,5 / 23 / 4,8 / 4 / 2,104
0xd13a6cd433df203cbca6592036f7faacdea74043,107,0.33,0.0030841121495327104,6 / 16 / 13,24 / 19 / 10,307
0x1a24df9f88d997fe3ce86e76dd0aa7027fbb83b5,110,0.08,0.0007272727272727273,6 / 11 / 13,49 / 22 / 11,336
0x0eb90aec39dfaf623a5d6e22357ded9d16bae2df,107,0.34,0.0031775700934579443,6 / 12 / 13,24 / 19 / 10,307
0x387bdcf167388b9b84df17929c5415a5bdc4e92f,114,0.52,0.00456140350877193,6 / 18 / 15,9 / 8 / 8,246
0x4d520a3ae412c226a5f314837b1a1d50585777ce,234,0.27,0.001153846153846154,5 / 6 / 9,11 / 5 / 4,329
0x7ef6ae077c96af19ba5ee959e20cb64313f0051a,128,0.08,0.000625,5 / 6 / 9,8 / 5 / 4,329
0xa4e2864f6541721dfa36f96e8d868e0adbd94881,197,0.0,0.0,1 / 8 / 1,150 / 47 / 13,388
0x26618ed698da1a9f24d41eb1c87c50dd3a766f3e,249,0.0,0.0,3 / 2 / 4,77 / 15 / 7,309
0xeb0bbee312b3500946dfe2804f58aedab6107e62,104,0.31,0.002980769230769231,6 / 14 / 14,24 / 19 / 9,307
0x71b0a375736ad9ad9c24613306f3d7ef194f9118,118,0.0,0.0,2 / 2 / 2,2 / 2 / 2,308
0x56a92bc44f3b90023725c8bc27e8d494b0bfa981,131,0.11,0.0008396946564885496,5 / 7 / 9,8 / 5 / 4,329
0xc0e92525834c989fb1fe1e02463c0419a5c992a9,249,0.0,0.0,1 / 9 / 1,104 / 19 / 5,150
0x04ac0f7b524d3fbc510f049039433106b79aace0,109,0.42,0.003853211009174312,3 / 6 / 6,11 / 9 / 5,341
0xf166962309facf7c8715a4fb8d6176d53f6e017c,110,0.34,0.003090909090909091,6 / 13 / 12,24 / 19 / 9,307
0x72cf82aca5ae095fa4e115f9789bf3754f24a627,421,0.0,0.0,1 / 2 / 2,37 / 9 / 4,143
0x18e6d97492435ef8a5812a8d5315ce94ae1eafa8,420,0.0,0.0,1 / 2 / 2,36 / 9 / 4,143
0x24253b1886110e21b15e796c54891efc2944227b,117,0.53,0.00452991452991453,6 / 15 / 10,9 / 5 / 4,104
0x022c87a6fe3d09aa83e2fc85a8c8c4e3d0bb1dc0,125,0.19,0.00152,1 / 10 / 2,2 / 2 / 1,117
0xfbf5271fb085a975059ea1100649c2728ca80ab8,412,0.0,0.0,1 / 2 / 2,35 / 9 / 4,143
0xbebeee42fbd51cf3a4efe8dbdc32c14edd9947dd,112,0.65,0.005803571428571429,7 / 21 / 16,16 / 10 / 4,136
0x57e42ab2b70b8f05e50682b33c74a53042775475,108,0.11,0.0010185185185185184,2 / 9 / 5,17 / 4 / 3,93
0xed39195be16802a67e061310d5562ab48327149b,115,0.36,0.0031304347826086954,6 / 14 / 9,5 / 5 / 3,104
0xaef0989efa4f1ca0c6b67c7281a30c59d7754d78,245,0.0,0.0,3 / 2 / 3,77 / 15 / 6,309
0xf97669c78c817b016c29fb1f0e55f0f475467337,102,0.11,0.0010784313725490195,6 / 13 / 10,22 / 17 / 10,307
0x9c21ca464a2ee450d05d605d74ad415c6baaa054,290,0.0,0.0,1 / 2 / 3,118 / 22 / 7,740
0xd2483b7398315fc54f324e29e74d46f3ef599692,101,0.07,0.0006930693069306931,7 / 20 / 10,15 / 14 / 13,371
0xda4858e49b9ca019753a07f3e9ac64f750dcbccf,149,0.0,0.0,3 / 14 / 3,34 / 8 / 3,96
0x1b6d259bac0bd723e926124bb2b8b8eb17dc46b8,107,0.0,0.0,2 / 2 / 2,1 / 1 / 1,338
0x6cc672c04dbc9c5f41c2f572b399fea1dd6229c2,104,0.29,0.0027884615384615383,3 / 17 / 11,15 / 7 / 5,131
0x721781a6941f75dd8cdbe938eb21fdb59594cda6,116,0.35,0.003017241379310345,5 / 17 / 5,2 / 2 / 1,143
0xea532539bf033d67cdacc4fbaac958355c104731,421,0.0,0.0,1 / 2 / 2,37 / 9 / 4,143
0xd1241a91912d6bba6295f8257d75e4179a1efbb7,420,0.0,0.0,1 / 2 / 2,36 / 9 / 4,143
0xbaf76f58f503632c9986500bdf30144dc398fc0e,111,0.34,0.0030630630630630634,6 / 7 / 9,5 / 4 / 3,75
0xbb1352492c5e5ddb5d901c40b517d972134b522d,419,0.0,0.0,1 / 2 / 2,37 / 10 / 4,143
0x334546bc9e5b0bbf2ffcfe137064a09fad0f3037,109,0.27,0.002477064220183486,7 / 25 / 3,7 / 4 / 3,128
0xb925d199c1599fde9d58056531ed163c19fedaab,104,0.29,0.0027884615384615383,4 / 12 / 4,15 / 7 / 3,89
0xad0f9c273ea971ad9db78992a4bed55c5c88914f,116,0.25,0.0021551724137931034,3 / 9 / 5,8 / 8 / 5,134
0x0c47dac9f2e8288c6e337c8f68374bbdcfe8f6a0,135,0.0,0.0,2 / 1 / 5,68 / 29 / 9,673
0x69ea06b323c1abab1206923920919ad0f88e62bd,116,0.0,0.0,2 / 2 / 2,2 / 2 / 2,308
0xb1cd9144392438d5fd935b40b19ac14e6ddf76b2,107,0.25,0.002336448598130841,5 / 14 / 6,5 / 3 / 3,137
0x87e3b5e49e66b685eb62993203cb64f0122d81db,102,0.02,0.000196078431372549,5 / 9 / 9,42 / 22 / 11,318
0x196e63dff78e969291b6aa7aacedb019e17e20bb,119,0.0,0.0,2 / 2 / 2,2 / 2 / 2,308
0x127b89ab66e46410285635d11f8c23c5228037e4,129,0.21,0.001627906976744186,1 / 10 / 2,3 / 2 / 1,117
0xb2aeba1977e41039852ceb3a602df974252da873,106,0.07,0.0006603773584905661,2 / 4 / 4,14 / 10 / 5,237
0x42334610cddbed9d1c08e65a796c77bb914018f7,161,0.43,0.002670807453416149,8 / 20 / 8,21 / 11 / 3,89
0x2e1c6b84c69aba4513d72b543f9f9c889ed91c3d,110,0.08,0.0007272727272727273,6 / 11 / 13,51 / 22 / 11,336
0x783cf01b42056b385642cf6012d6c9a41bece66b,107,0.0,0.0,2 / 2 / 2,2 / 2 / 1,307
0xc58d76c69f09f6f3fbcad8d0e7abe8cb908770bc,404,0.0,0.0,1 / 2 / 2,35 / 8 / 4,142
0x83ba3cbeeca24371dd871950c221ce3a94b8d714,119,0.2,0.0016806722689075631,1 / 10 / 2,2 / 2 / 1,117
0x2a43d08fb3aa753cdf79f1c872fb4c647d15947e,420,0.0,0.0,1 / 2 / 2,37 / 9 / 4,143
0xe633f3cf7b133b6b9f56e0cf52644cd52d86eb2a,150,0.24,0.0015999999999999999,1 / 10 / 2,1 / 1 / 1,122
0x8949a9179699361f900acfcfb12475cfc152e206,168,0.0,0.0,2 / 2 / 2,2 / 1 / 1,338
0x2ebeb2e1b8ccaec60fead5d29806cc42e36813c2,393,0.0,0.0,1 / 2 / 2,33 / 8 / 4,143
0x6074c480bf24555303c350b57929a6344187aad3,420,0.0,0.0,1 / 2 / 2,37 / 9 / 4,143
0x5000879eef2ad49cd7dbacc6f578ab3efab3f47b,106,0.0,0.0,2 / 2 / 2,2 / 2 / 1,307
0xcf04aef6cbbc1dd10dfc0ea14e11c0341d3031c9,139,0.27,0.0019424460431654677,3 / 26 / 4,3 / 2 / 2,128
0xecd902a6788f491fd7c7dea5aec67f1e6f9edf7b,105,0.09,0.0008571428571428571,6 / 12 / 12,24 / 18 / 10,307
0x1fc4588c3a701ac9ac6cd1205f2e0e52b8cfedbb,105,0.02,0.00019047619047619048,5 / 9 / 9,41 / 23 / 11,318
0x563620c8b7d13c0adb893e8ade699ec22553ff9c,120,0.04,0.0003333333333333333,5 / 11 / 10,45 / 23 / 11,319
0x106d0d0d6496d8b13d0ba5ac3dfab1fec16a6915,107,0.2,0.001869158878504673,5 / 7 / 5,28 / 10 / 3,85
0xbd1aa7a7e939eb8192ebd8fe2d52b85702e8582d,168,0.0,0.0,2 / 2 / 2,2 / 1 / 1,338
0x6cb41f973c598622228ce59914be864a0dab50d4,420,0.0,0.0,1 / 2 / 2,36 / 9 / 4,143
0x82cf10cff23d565f5e24faf1b1147df16917783d,422,0.0,0.0,1 / 2 / 2,38 / 9 / 4,143
0x9402bc80b3e7c879e8256af1bf1c9491a3b4c410,114,0.08,0.0007017543859649123,6 / 11 / 13,51 / 22 / 11,336
0xae7c7d2619794832bfbcf2013ff1691c5fed73c9,118,0.0,0.0,2 / 2 / 2,2 / 2 / 2,308
0x59c4dc6bb1dfcc82329def4ee429a26ae0864714,186,1.41,0.007580645161290322,3 / 24 / 7,3 / 3 / 3,145
0x338951c1be4b330dafdc39ced84b7f755cb06909,107,0.21,0.0019626168224299067,1 / 10 / 2,1 / 1 / 1,125
0x58dffe80b50f1fede18ae1ca7d25084ba96084ac,103,0.64,0.006213592233009709,3 / 3 / 2,2 / 2 / 2,367
0x07ad985d2d6a307856b7b66bdcfe17e3eb53d479,115,0.24,0.0020869565217391303,1 / 6 / 1,20 / 11 / 3,76
0xba69c50ca6a3d66cd6595db2f1f8c20522bf7cba,110,0.34,0.003090909090909091,6 / 15 / 13,25 / 19 / 9,307
0x25b5abd03c5845ca31d90ae60482ce351cb0490b,116,0.8,0.006896551724137932,4 / 18 / 9,8 / 2 / 2,78
0x7563fa361cce8fef237a7d52b9f827329cf00f6a,106,0.07,0.0006603773584905661,7 / 22 / 12,17 / 14 / 13,371
0x73dfe4396fee174aba159051a6ae55d622f6a3a9,144,0.0,0.0,2 / 4 / 2,41 / 9 / 3,333
0xfbb7cdb5e7ef664d2beff3468a8abeb1bfb40fc6,102,0.25,0.0024509803921568627,5 / 17 / 5,2 / 2 / 1,143
0x18136c5abe1be0cbcea4cf294bf5d7cc3787dc75,122,0.14,0.0011475409836065576,5 / 7 / 9,8 / 4 / 3,329
0x126f3f5597531e0e12a3c7cce5969637276dcc0a,184,0.43,0.0023369565217391305,3 / 5 / 5,10 / 8 / 4,341
0x7c710f754d37ecf558ad92c69084bd31caed9357,108,0.0,0.0,2 / 2 / 2,2 / 2 / 1,307
0x26bda3476104220575580f04137b1f3a8bb71863,117,0.2,0.0017094017094017094,1 / 10 / 2,1 / 1 / 1,130
0x3c37ee0c52a2a8bb833660739a172e03a6f7b70a,104,0.4,0.0038461538461538464,3 / 3 / 3,8 / 7 / 5,338
0x1753595efdeb5bc8012ff5acc83a13f13550a730,420,0.0,0.0,1 / 2 / 2,38 / 9 / 4,143
0x09efc2d1e8c0692c2bfe10623fbc6eaadcf76611,101,0.28,0.0027722772277227726,6 / 6 / 8,3 / 2 / 1,12
0xf6756e8db23c99e3bbf1274f22e78cd83bf3fe4f,118,0.43,0.0036440677966101693,4 / 14 / 6,5 / 4 / 4,220
0x3b3a1ed322811f7f85863c3e2a898332304b8113,102,0.0,0.0,2 / 1 / 3,88 / 30 / 8,669
0xa5e38642fa7cf9eed94b89274e40d8a31a3c1ecd,105,0.56,0.005333333333333334,4 / 22 / 17,16 / 5 / 3,136
0x7968636379ce28716df0d95945fe77979ce91c04,123,0.3,0.0024390243902439024,1 / 2 / 2,2 / 2 / 1,327
0x05a6085d87494751c1d212d0337a8e8cfe2ed714,117,0.18,0.0015384615384615385,1 / 7 / 2,1 / 1 / 1,130
0x86bce13297bcdbf40a854d8007bc939091e58039,108,0.24,0.0022222222222222222,1 / 7 / 2,1 / 1 / 1,131
0x30df84173ea1cadc6b0b73ba078e2ea370c8c2dd,251,0.0,0.0,3 / 2 / 3,78 / 15 / 5,309
0xf26bfa5f83deac0c2aa55b29e437160ad82b6e14,103,0.3,0.002912621359223301,2 / 9 / 3,3 / 2 / 2,141
0xd0794fe4bfc81bc03ef296a3c5a8b8289d278609,134,0.18,0.0013432835820895521,1 / 7 / 2,1 / 1 / 1,132
0x1750c8cdc2f46fb95eb2b776721e6e85188976cb,125,0.25,0.002,1 / 10 / 2,1 / 1 / 1,124
0xd5a47bccc1631692c1f5c94f71904f3cd18b7d66,149,0.0,0.0,3 / 7 / 4,16 / 8 / 3,260
0x84b018ed4339b1be8c86c4aadf8633a52b5d3cca,168,0.0,0.0,2 / 2 / 2,2 / 1 / 1,338
0xbee70b081bc470e3616c8b5ec6b5d6a7d115baf2,105,0.04,0.00038095238095238096,4 / 8 / 9,15 / 13 / 11,326
0x62ffdfa39ba9a7d19c393a30645abefb74926951,135,0.22,0.0016296296296296297,1 / 10 / 2,2 / 2 / 1,117
0xab84c45f1659608fa699722fe163d11a003d792b,959,0.88,0.0009176225234619395,2 / 15 / 2,4 / 2 / 2,241
0x9fd404cdfdcd1668aa408b9c379f7a76b5be7308,142,0.0,0.0,3 / 14 / 3,36 / 8 / 4,96
0x94f25a188ce2e5cfa0c36e64bf28ffa6fd339cd6,147,0.0,0.0,3 / 14 / 3,41 / 10 / 4,96
0xd6eb4a2086b85e2282d291a3cf4ee1d135fbd0f5,190,0.0,0.0,1 / 8 / 1,135 / 45 / 12,394
0xbcad863b13ebd41b3c48029a6f5437f30191135c,119,0.0,0.0,2 / 2 / 2,2 / 2 / 2,308
0x160694f252b907cdf3862922950142a5f1fd161a,160,0.0,0.0,4 / 5 / 4,103 / 35 / 9,765
0x06ead0ca22ac8e9e9a2af84ba3503f156ba7d28a,102,0.48,0.004705882352941176,6 / 13 / 12,23 / 17 / 10,307
0x7e03fca57ae3d967696aa8e2de1fa7dd16ce4e5d,110,0.53,0.004818181818181819,6 / 14 / 12,26 / 19 / 10,307
0x8281bd1927837a18fa4192256b5cc4fdacaf81f4,101,0.0,0.0,2 / 2 / 2,2 / 2 / 1,140
0xe3d0b663331737817fc99dfb4aa15a00fb5885dd,117,0.64,0.00547008547008547,2 / 13 / 5,15 / 6 / 6,283
0x1b27b82ed10041477c4e062c39ff75a895665a97,102,0.16,0.001568627450980392,1 / 7 / 2,1 / 1 / 1,126
0x7b947ebc939edff2c61d849382d8895c03a69a8c,220,1.86,0.008454545454545454,1 / 1 / 1,1 / 1 / 1,53
0x6baff2a9d3c5ecbc272cdb25353ca3ee8fda5df6,102,0.0,0.0,3 / 2 / 3,3 / 3 / 2,140
0xa47d9061b55403a10aa522fdecd6e059ab1983fb,102,0.0,0.0,3 / 3 / 3,4 / 4 / 2,176
0x5c92c526bb716e781d7cfe3302a28f7dd5ecf05e,110,0.31,0.002818181818181818,6 / 9 / 9,6 / 5 / 4,74
0x077ad925fea8199bfb4404a9baecbdf7c9b9fd55,136,1.09,0.008014705882352941,6 / 12 / 19,40 / 20 / 10,325
0x513b1253069e4e7fb8acdfe49d7f337ae2374804,127,0.51,0.004015748031496063,7 / 14 / 18,14 / 11 / 9,308
0x30a32d46a1027f5bbc2ec3fc925e5ad84c9f68f4,420,0.0,0.0,1 / 2 / 2,37 / 9 / 4,143
0x4c200976e4246a49247d86e3336487a9bdf8a837,109,0.46,0.004220183486238533,6 / 8 / 10,6 / 5 / 4,75
0xe712ed889aa771c736ec0a98744107e93ca55818,557,0.0,0.0,4 / 4 / 1,12 / 2 / 1,108
0xfd0c7300977a6d9c65c7c94df6c1d253ac63c92e,112,0.02,0.00017857142857142857,5 / 9 / 9,41 / 23 / 11,318
0xed2d8e68919f372b2116e2b9f62343d39747a0cc,392,0.0,0.0,1 / 1 / 1,32 / 7 / 2,143
0x039f4a3390cb44026b9cedd5997dbb565ed74232,107,0.2,0.001869158878504673,5 / 7 / 5,28 / 10 / 3,85
0x1179fbe651822e1b3147367612e6bed6611cc00a,108,0.31,0.0028703703703703703,6 / 14 / 13,27 / 20 / 11,307
0x1f932c920c756dc511bb6a2dc1aed951e73d2797,109,0.2,0.001834862385321101,5 / 7 / 5,28 / 10 / 3,85
0xd3bcdb40c7e50ae86a43d8b53c1a15039158b577,115,0.78,0.006782608695652174,7 / 25 / 21,23 / 19 / 11,299
0x49d93cda31da6048e4e419c2c0334da75c4635e2,168,0.0,0.0,2 / 13 / 3,43 / 11 / 5,96
0xad431f82ab04dbd3f3c02996083b987b1eaa8e6b,198,0.0,0.0,2 / 2 / 1,4 / 1 / 1,605
0x9a411e810cc44b7df4e3a50c436404c01c2e0866,129,0.0,0.0,2 / 4 / 17,61 / 40 / 16,729
0x6b601c285407ad2a3f5f0a476ab6653280f41471,245,0.0,0.0,2 / 2 / 1,3 / 3 / 3,605
0xcd73adde2bacf75a076ae6d98f10caafb10981e9,324,2.93,0.00904320987654321,10 / 40 / 13,61 / 12 / 4,81
0xd004c8e34a19a2d2ae41e37f088d730e15d9db2a,101,0.89,0.008811881188118813,8 / 24 / 33,21 / 6 / 2,92
0x50acc287691739321b2f4817e4ad44d5dec9cd68,142,0.27,0.0019014084507042255,1 / 10 / 2,1 / 1 / 1,123
0xce8f9354d7f050c9f3288fd1f348acaa5c69021d,118,0.0,0.0,2 / 2 / 2,2 / 2 / 2,308
0x84027405b39b3a70472b3faab7f16c2294638ee7,120,0.12,0.001,1 / 1 / 1,2 / 1 / 1,165
0x40993dd496ca20bb434abaea8f64202d3942d1fd,121,0.31,0.0025619834710743803,6 / 12 / 11,24 / 19 / 11,307
0x3bc8f80a25c4f353b0e8795526873a46f2c18b65,109,0.34,0.003119266055045872,3 / 15 / 4,5 / 3 / 2,141
0xf8d1cbd3bfa1c58fed0e598c1c86c3dc3077ee8f,102,0.14,0.0013725490196078432,1 / 5 / 1,2 / 2 / 1,132
0x2b01fe59933ab338bd03c3bee4595504ad22ae7f,103,0.94,0.009126213592233009,2 / 13 / 6,14 / 8 / 6,296
0xbdcb66d150aee201815b7d4e0c0209d83cfb834e,126,0.02,0.00015873015873015873,4 / 15 / 6,16 / 15 / 12,340
0x7199403800e209bc9e54fdc271c93058ca0ad0ba,102,0.0,0.0,3 / 2 / 3,3 / 3 / 2,140
0x33d99d0ce8e52f1f76f453dac0b1d7a3006a1057,101,0.21,0.0020792079207920793,1 / 1 / 1,2 / 2 / 2,85
0x30ef0bee2698556a89c863c3dfaf69cb74606710,355,0.0,0.0,1 / 1 / 1,6 / 2 / 1,239
0xdb848b867a2058b74ef7cfaeb9015a1b43c7b0cd,117,0.0,0.0,2 / 2 / 2,2 / 2 / 2,308
0x50d3703d09ce93cb7c81d6a3cf0d48ae054698f2,115,0.89,0.007739130434782609,2 / 13 / 5,15 / 6 / 6,283
0xc759d95b7d19400a17cb635b9948c4c6721c5ae4,149,0.0,0.0,3 / 2 / 3,4 / 2 / 1,336
0x1e92d6cef2ed8a6efb3b256868ddfc386b73b332,152,0.0,0.0,3 / 2 / 3,4 / 2 / 1,336
0x03f388b496114a42086e9df13f30d1eefce0dda5,103,1.0,0.009708737864077669,3 / 4 / 4,5 / 3 / 1,336
0x3878e63272761bef38361e510f7da93f1d74ed85,105,0.02,0.00019047619047619048,5 / 9 / 9,41 / 23 / 11,318
0x98c541b1c2c3bbe28ca09eb63d93f7657b1cb4ae,420,0.0,0.0,1 / 2 / 2,36 / 9 / 4,143
0xdd381028cfa5241284d23ce73ef7f0e3042d80f8,178,0.0,0.0,1 / 8 / 1,135 / 43 / 12,396
0xbf84a842a8f236a683d0d000344e9566c09487b8,105,0.08,0.0007619047619047619,6 / 11 / 13,49 / 22 / 11,336
0xd7d9fd5c287ec20e6cc294f4c9ac51d9284add3c,420,0.0,0.0,1 / 2 / 2,36 / 9 / 4,143
0x2d2ff62a591d61d911629312a807ceb076f23c01,110,0.15,0.0013636363636363635,2 / 9 / 5,15 / 5 / 2,91
0x82168cf9719a2da94c5306587cad36c534da15ee,102,0.41,0.004019607843137255,6 / 7 / 9,6 / 4 / 3,75
0x6375452f86263f25e9101e936cb4091aa9824609,105,0.3,0.002857142857142857,3 / 16 / 5,6 / 4 / 3,141
0x2b8f9aa9a5df227bc29bdcb8a02d7c91dc522fc4,241,0.0,0.0,3 / 2 / 4,74 / 13 / 5,309
0x9e01c59d189abf2e87b21ac09bbf92cf7d914cac,130,0.2,0.0015384615384615385,1 / 10 / 2,2 / 2 / 1,117
0x30dfa7e0688826e91e1555e745d624b709c3d499,105,0.08,0.0007619047619047619,6 / 14 / 12,22 / 17 / 9,307
0xba35e610505fc8242bf314518937b87461e85e9a,219,1.85,0.008447488584474886,1 / 1 / 1,1 / 1 / 1,53
0x3159c82956b058295d1252e25c6decf973c40636,420,0.0,0.0,1 / 2 / 2,37 / 9 / 4,143
0x47f691a6d32a0db796c02d10502fa18093b692ce,133,0.19,0.0014285714285714286,1 / 5 / 1,4 / 4 / 4,126
0xbbee7055b150ff3a3e6c442caec6e6e0873e9d8d,107,0.0,0.0,2 / 2 / 2,2 / 2 / 1,307
0x3716f8544ac49c4fe685f03f42a079b34fd5231a,110,0.79,0.0071818181818181824,4 / 14 / 4,12 / 9 / 5,272
0x9648c841e504b75b128ab2d110170d4c068e6edb,126,0.02,0.00015873015873015873,4 / 15 / 6,16 / 15 / 12,340
0x52b40ac2596838950c44ff58834f559160677e6f,111,0.55,0.0049549549549549555,6 / 14 / 8,8 / 4 / 3,104
0x577b1882e63d574e31cc7a2b211f4bd9b8c0cfc6,119,0.0,0.0,2 / 2 / 2,2 / 1 / 1,307
0x26c1fd9fd5a1338aabbdbe3f64f3e73369a0f4a0,508,0.0,0.0,4 / 4 / 7,109 / 32 / 10,492
0xfd9484ee156ab472697a58b05303eaa54f4d84de,181,0.53,0.0029281767955801107,1 / 10 / 1,37 / 7 / 2,77
0xc9bf17ef4384dcab24338a7daa0910cbe002dd10,104,0.41,0.003942307692307692,3 / 18 / 8,5 / 3 / 2,98
0x884a0a0aaf93e60f7f2cc0e1dcdd98ae1c586a3c,106,0.0,0.0,2 / 2 / 2,2 / 2 / 1,307
0x04687c5dea258a1aa9a9dd553932e5de5d3fe2d4,132,0.2,0.0015151515151515152,1 / 10 / 2,2 / 2 / 1,117
0xee8a5998b1e89b6c25ee296bdd84d5f2200cfc6d,104,0.0,0.0,1 / 13 / 1,8 / 4 / 2,47
0xdd9a87e583c1d9ff1035a599659313d01be97ce8,125,0.02,0.00016,4 / 15 / 6,14 / 14 / 11,340
0xc969aa1c11a3d53bb82c17ca936d5d202e026009,101,0.0,0.0,2 / 2 / 2,3 / 3 / 1,145
0xdc0070147a6382f7ca740a7a9b8c5a5c47c94f05,124,0.14,0.0011290322580645162,5 / 6 / 9,7 / 4 / 3,329
0x40200b4936e08ffee2ef57bef0baf2cb6ad4bf92,115,0.33,0.0028695652173913043,6 / 15 / 6,4 / 3 / 3,137
0x8a24de925d6b3602dc13ed5158dced4f03049ede,117,0.23,0.001965811965811966,1 / 10 / 2,1 / 1 / 1,124
0x8b65a1db64d6ba1eb4620c0430eff2a85ab19032,109,0.08,0.0007339449541284404,6 / 11 / 13,51 / 22 / 11,336
0xccedd4639757aee4a10d54d05f7bfe557878d6dc,155,0.13,0.0008387096774193549,2 / 17 / 9,11 / 10 / 9,250
0xc457ee70bc6d11dc3320a21973feff91dfdb93a2,476,0.0,0.0,1 / 4 / 3,3 / 2 / 1,139
0x632e4d5a49aa31d28e7ce0a3d0656665f4eccec9,161,0.27,0.0016770186335403727,1 / 5 / 1,2 / 2 / 1,130
0xdcc22e8faf17894c8544c5d32fcc6a371792c719,140,0.23,0.001642857142857143,1 / 5 / 1,2 / 2 / 1,130
0xb923bafc0d1817091bb871746973c0f590e317ba,110,0.62,0.005636363636363636,4 / 14 / 4,13 / 10 / 6,272
0x53e9dcd2bb7ec0b8aae93761b11b7659e1ac0444,110,0.42,0.0038181818181818182,3 / 6 / 6,10 / 7 / 4,339
0x1001a9961b1c7612ddf3cb50a9ed414d3593c953,103,0.02,0.0001941747572815534,5 / 9 / 9,42 / 23 / 11,318
0xcc706c11a7939f7875b888adeba73ac08fc24227,109,0.42,0.003853211009174312,3 / 21 / 14,15 / 5 / 2,136
0xd5fac87714a97d81038ef0717caecc4ae09537b4,421,0.0,0.0,1 / 2 / 2,37 / 9 / 4,143
0x9962e7d89c3080ceba3b16cf877e5e1f95813194,126,0.02,0.00015873015873015873,4 / 15 / 6,16 / 15 / 12,340
0xa14a6f460cfc57ee180532424dfe89cf03182c52,107,0.15,0.0014018691588785046,5 / 7 / 9,8 / 6 / 5,329
0xcb9f8b6ea80fd7b09cd92afce85acaed3139b9c0,103,0.28,0.002718446601941748,5 / 17 / 5,2 / 2 / 1,143
0xf201b17c0e59a7c786fdc8d6a21279af49483e5f,149,0.0,0.0,1 / 1 / 8,25 / 9 / 3,163
0x6452c62929f534cb76aa8230220f4976f28928cc,104,0.0,0.0,1 / 13 / 1,8 / 4 / 2,47
0x83e6f17232a9a696f9f30693f42fd62ebe63d7af,108,0.62,0.005740740740740741,4 / 14 / 4,11 / 9 / 6,272
0xf439e57582fd0932ab30646263ad8623daaa901a,132,0.68,0.005151515151515152,2 / 7 / 5,6 / 3 / 2,346
0xff9e223b3a71f728707550dfd56685524762d83b,104,0.38,0.003653846153846154,3 / 3 / 3,8 / 7 / 4,344
0xa11cc1b0ede739d92481f42f6221c472650f6477,117,0.0,0.0,2 / 2 / 2,2 / 2 / 2,308
0x88463ca8ff5afab42329e9704b84191c8ff47663,116,0.0,0.0,1 / 1 / 1,42 / 13 / 4,145
0x5619d62324d624aa0b418e02db97c1ae78096c0a,116,0.91,0.007844827586206898,3 / 15 / 5,15 / 8 / 7,283
0xc055eaabe20f87e478592f2a0ea7cd5e342a64dd,110,0.62,0.005636363636363636,4 / 14 / 4,13 / 10 / 7,272
0x611e5504484cd252cdd9e8af9eabd599a29e4719,101,0.0,0.0,2 / 2 / 2,2 / 2 / 1,140
0xe397fecd4a3ed96e455a582a843b1903c1101030,144,0.2,0.001388888888888889,1 / 5 / 1,2 / 2 / 1,132
0xa93911d1247394bdc7b2fc9b2eeb6af1eb77ec6a,110,0.18,0.0016363636363636363,1 / 9 / 2,1 / 1 / 1,129
0x60f1eff48243e7606ffedaed5adf765802d61981,298,2.52,0.008456375838926175,1 / 1 / 1,1 / 1 / 1,53
0x550e7e169e3ac2a61f50ffe49f182c76d8fbe65b,101,0.0,0.0,2 / 2 / 2,2 / 2 / 1,140
0xa50a3bec0c3f10bde6b71b5d8df9b328857978af,116,0.24,0.0020689655172413794,3 / 13 / 5,5 / 3 / 3,130
0xfafa7ffc3e2116246b53c0203c3317948271cff7,121,0.19,0.0015702479338842975,1 / 7 / 2,1 / 1 / 1,126
0xf53ecc6be818ae27b0f737af6e7047c2fe13d74d,101,0.17,0.0016831683168316834,1 / 9 / 2,1 / 1 / 1,133
0x7e57e782e5a510c16866f71dd6fa7c47321cfe3d,266,0.16,0.0006015037593984962,1 / 17 / 3,3 / 3 / 2,258
0x31e9063813533cb0c94ba9584baf6e0b701deeed,117,0.05,0.00042735042735042735,1 / 6 / 5,1 / 1 / 1,63
0x222344bb95f774a1cb2456afa6cb0725d265149a,112,0.38,0.0033928571428571428,7 / 20 / 13,10 / 7 / 3,93
0x249545f86e135abae61d977935164244ca1da3f9,242,0.0,0.0,3 / 2 / 5,74 / 14 / 6,309
0x81769f302684904317b1d5411812860032b7ce73,108,0.35,0.0032407407407407406,6 / 6 / 9,6 / 5 / 4,75
0x2afdc4918fb4dd5d901eb3888c6399e41eccbe97,178,0.42,0.0023595505617977526,2 / 9 / 2,36 / 7 / 2,77
0xb9657c8b247d003511ef9c4dd2ada46889f743c1,105,0.3,0.002857142857142857,4 / 11 / 4,15 / 6 / 2,77
0x3a0de9581cc8f97f03ca51a5a3435d552d71a5f3,420,0.0,0.0,1 / 2 / 2,36 / 9 / 4,143
0xee506fdd073078511c249f9ddafe809c5e6c8dfc,113,0.79,0.006991150442477876,3 / 27 / 16,18 / 7 / 3,136
0x70b75a2ea9796e2adf0938d4dca692a84494616e,132,0.26,0.00196969696969697,3 / 27 / 5,4 / 3 / 3,128
0x9467135a90023c731803289676302fa18e75f5fe,193,0.0,0.0,2 / 4 / 19,12 / 10 / 7,767
0x7ce7656223b5bdcc97a280fbe48a6c691aa7ffa6,244,0.01,4.098360655737705e-05,1 / 1 / 1,1 / 1 / 1,294
0xbf70d405029bf8952019be380ec65a683f4119f5,115,0.0,0.0,6 / 7 / 6,84 / 24 / 6,179
0x3a07368473d12ac0b2e16a005e2e3c0c9e67afb6,120,0.32,0.0026666666666666666,3 / 8 / 5,6 / 5 / 5,164
0x7448c7439b60311b452d6504b908dbf70ce39380,239,0.0,0.0,3 / 2 / 4,71 / 14 / 7,309
0x6d63af32c5aaf0223fa7cb5ba857d60fd6acf0fa,103,0.0,0.0,2 / 2 / 2,2 / 1 / 1,339
0x95ac819cfe88c9c376537bd12dae9463c768f057,116,0.39,0.0033620689655172414,3 / 10 / 5,7 / 6 / 5,164
0x3956070c15165297a8df1ccdf2df08d59cac809d,239,0.0,0.0,3 / 2 / 4,74 / 13 / 5,309
0x310bf5bc8150284c472ed0f00ba91ecb8e292d80,108,0.44,0.004074074074074074,6 / 14 / 15,17 / 8 / 4,103
0x14660ecdae34a11e0da6e05cf7fe790cd76587c4,110,0.31,0.002818181818181818,6 / 13 / 13,25 / 19 / 10,307
0x4fcfd70fade7f7242056c66a0d5203fe8e157678,109,0.34,0.003119266055045872,6 / 13 / 10,25 / 19 / 11,307
0x25cecd32bda3487545c867d4b164a56f8b82e8d6,102,0.08,0.000784313725490196,6 / 16 / 14,26 / 20 / 11,307
0x6280534666b03341d3ed1f010b8b32e1923bb139,239,0.0,0.0,3 / 2 / 4,72 / 12 / 5,309
0x86fc8bf6fb4693726a1c8507b3a60db6bd8977ec,129,0.1,0.0007751937984496124,3 / 4 / 3,6 / 4 / 2,53
0x171362a98e42d0552864d480c21cf1a8281a6bbd,130,0.0,0.0,4 / 8 / 4,5 / 4 / 2,145
0xcacc93dca37a68161dae49aaccb7cf40063e438c,109,0.91,0.00834862385321101,4 / 13 / 8,4 / 3 / 3,79
0xee0a178018b2c6bc2b414f70d68f71fa3278cc1f,112,0.11,0.0009821428571428572,5 / 7 / 9,9 / 5 / 4,329
0xafd2f1b526770a2bf6a06a7f8daec7b92aadbff4,127,1.04,0.008188976377952756,2 / 7 / 5,6 / 3 / 2,346
0x29d00ae8faae307ecc6d9356ea830c5309f6499b,136,0.4,0.0029411764705882353,3 / 3 / 3,8 / 7 / 3,337
0x60a764804dc2faa78e06c1f09c1fc7236a3a7b9e,204,0.0,0.0,1 / 8 / 1,148 / 50 / 12,390
0x0bdef564d34e28919e1eb5a80bb2d8aa1dae4e1b,105,0.34,0.0032380952380952383,6 / 14 / 12,25 / 19 / 9,307
0xf792d1952d5e81ff7149995e73e6b7181f3d7cc4,111,0.62,0.005585585585585586,4 / 14 / 4,14 / 11 / 7,272
0xb42bab7d6786900628e66ccc89b53a73127529a2,101,0.0,0.0,2 / 2 / 2,2 / 1 / 2,339
0x7e4fa2b530bd2e9a381e06961d6b5899d8a4fbb2,141,0.23,0.0016312056737588653,1 / 5 / 1,2 / 1 / 1,132
0xda906853598add2d35987f682bd255dbf9b083e8,123,0.0,0.0,2 / 2 / 2,1 / 1 / 1,306
0xfd005d21ab852692df7c5d5dc1835fb02c491b6c,145,0.0,0.0,2 / 4 / 2,41 / 9 / 3,333
0xcf671239485e762cceae9d1a690345b670f2e362,111,0.0,0.0,3 / 2 / 3,21 / 5 / 2,293
0x2ac239f0aa8ec00594d31d67f0153bc740a64fee,101,0.0,0.0,2 / 2 / 2,4 / 3 / 1,145
0x40b5fc6200ebbfa4ee9247f81351b767003c7031,168,0.0,0.0,2 / 2 / 2,2 / 1 / 1,338
0x5981a3dbdf43386e5d6c48ef714ccdb71721e4e8,115,0.34,0.002956521739130435,3 / 16 / 5,7 / 5 / 3,140
0x54c9278e8617e04df0d8a36f7502601846cc50eb,571,0.0,0.0,4 / 6 / 4,71 / 22 / 6,205
0xbb20580db0b59c1b51ddc4519455b4430835f57b,118,0.0,0.0,1 / 2 / 1,3 / 3 / 2,120
0x0f5918351fe1db09e8fec21014904b2682376011,107,0.43,0.004018691588785046,3 / 17 / 6,7 / 4 / 3,141
0x0d91382fcaf8919c73b626d6e205e7b4cef4ebff,102,0.02,0.000196078431372549,5 / 9 / 9,42 / 23 / 11,318
0x6698d8d414360680bf6c320b5e88ecdff33e2339,118,0.0,0.0,5 / 7 / 5,75 / 46 / 14,422
0x505de55e7bb81a53278d0aec51a77a80dceaf5bf,238,0.0,0.0,3 / 2 / 3,71 / 12 / 4,309
0xebd30a2beefa437010e0a7d6d485036da1b9b0f7,250,0.0,0.0,3 / 2 / 5,80 / 17 / 7,309
0x73cf72d8a2541d12c7794044402c5e9e503f4e1b,106,0.18,0.0016981132075471698,6 / 15 / 10,22 / 17 / 10,307
0xb05cad5918b694eec4441dcfef6ac1ccd173ec35,118,0.19,0.0016101694915254237,1 / 8 / 2,1 / 1 / 1,126
0x6de26d8d240dcd0b8d58d4b12b7a966821a09132,129,0.73,0.00565891472868217,7 / 18 / 8,45 / 10 / 3,118
0xaf03f931b3bb727b0ac174736ac3c7b5c1107561,108,0.0,0.0,3 / 3 / 3,21 / 5 / 2,293
0x8c7222807c1ece1c8b4dacd9f3c7c8ac4730260d,128,0.2,0.0015625,1 / 10 / 2,2 / 2 / 1,117
0x2bc42a6fbc2988a7e345bd22638de46e9e203f5b,102,0.0,0.0,2 / 2 / 2,4 / 3 / 1,145
0xa4f5d08f6a4a3db7dd44af560d9ef1d3eab07a7f,218,0.0,0.0,1 / 1 / 2,95 / 29 / 8,665
0x540807969633dedef534a2b632530938b2a7c346,169,0.52,0.003076923076923077,1 / 11 / 1,36 / 7 / 2,77
0x28d73e44458432896922a3eb252f11315fa56f7f,119,0.64,0.005378151260504202,4 / 19 / 9,10 / 3 / 2,79
0x84e23b9e6f8c035967dc20456a09a0b8a1656d8e,113,0.41,0.0036283185840707962,6 / 17 / 8,7 / 5 / 3,138
0xb0e9f5be28da7878ca689334b108fbda1b3fb11e,101,0.0,0.0,3 / 7 / 3,16 / 9 / 4,114
0x48285bf25f3b7ca052c6b493c99e483aa4579fbe,107,0.0,0.0,2 / 2 / 2,2 / 2 / 1,307
0x62ffc1bbb304b10c9cfb4950fcce89fb46f5d31c,936,0.82,0.000876068376068376,2 / 14 / 2,4 / 2 / 2,241
0xaae74ae2e07b0ee91e790768dcab44001cc4a768,169,0.0,0.0,1 / 1 / 1,2 / 1 / 1,294
0xe3077b4b865389ce3c758ec91b38b765f8be79e9,109,0.62,0.005688073394495413,4 / 14 / 4,12 / 10 / 6,272
0xabe33dfc8d3b9db160d2893cc9782a0ba3b4a9c2,151,0.0,0.0,3 / 2 / 3,4 / 2 / 1,336
0xe1f5f9e46d216898d94c85178048eb7592df2c51,105,0.55,0.005238095238095239,5 / 13 / 13,30 / 14 / 7,236
0x6c2d6d0f0787497043248f01f5e1e9b4bf096930,124,0.25,0.0020161290322580645,5 / 13 / 14,43 / 16 / 7,236
0x071e5b38864b5320bdac6e455d08c120d903c15c,101,0.0,0.0,2 / 2 / 2,2 / 1 / 1,339
0x40b64692e494bb306e497c3c6a8717619914b17e,107,0.3,0.002803738317757009,3 / 16 / 5,8 / 6 / 3,140
0xa7ee5048e00043a412fce48d07187ce115198f5d,150,0.27,0.0018000000000000002,1 / 5 / 1,3 / 2 / 1,130
0x4dc4aeb4acecc4e3532a88e0290b457963df9d35,119,0.64,0.005378151260504202,2 / 12 / 5,15 / 6 / 6,283
0x09f495632a89e0a713be878d2cae1505e1a7bd6d,105,0.08,0.0007619047619047619,6 / 11 / 13,49 / 22 / 11,336
0xd01281dbd9586f0343381558086fe7334f959c61,103,0.02,0.0001941747572815534,5 / 9 / 9,42 / 23 / 11,318
0x8160781110b3013b777fedd1929d23b6dac16e08,120,0.2,0.0016666666666666668,1 / 10 / 2,2 / 2 / 1,117
0x4374cabb18719b0ef4286707cfe7b859cd79884a,127,0.21,0.001653543307086614,1 / 10 / 2,2 / 2 / 1,117
0xe9de70f8d4709160c4b78f230ded2b88be62b24f,126,0.02,0.00015873015873015873,4 / 15 / 6,13 / 13 / 10,340
0x5f733a9c93b0645124cd55ab1778ab2ac1ceda3b,104,0.34,0.0032692307692307695,6 / 6 / 9,5 / 5 / 4,76
0x72caca28ec9e2c0ff2fd02ce773f8adae71b9236,126,0.02,0.00015873015873015873,4 / 15 / 6,15 / 15 / 12,340
0xfbcf4d80d3c267876f6795c02aab10de751da8a4,142,0.0,0.0,1 / 1 / 1,62 / 26 / 8,207
0xead0833eba50dfb289b72afefcfe084bca6683d1,185,0.0,0.0,3 / 14 / 3,49 / 13 / 4,96
0x7764f64ee2e70b5c115539cdf11e525fe5f90197,105,0.0,0.0,1 / 1 / 4,11 / 7 / 3,81
0x54bf111af0ca7156aaa326c8c89855b4a4304503,250,0.0,0.0,3 / 14 / 3,61 / 15 / 5,96
0x0ba5bbe181b69ba7de48d65f34ab63f1a840e233,136,0.21,0.0015441176470588234,1 / 7 / 2,1 / 1 / 1,129
0x0e58a55ee2c6fd3b31acbd0f1cfa5d0f588719d0,178,0.0,0.0,1 / 1 / 1,3 / 2 / 1,32
0xa337ec602c29b5b5c57a4300f4defe9d7f68cc9c,116,0.2,0.001724137931034483,7 / 32 / 8,3 / 3 / 3,134
0xe0ef842d33bab037e6316c88a8f2f4f8a71fe9cb,101,0.15,0.0014851485148514852,6 / 12 / 12,23 / 16 / 10,307
0x14796832b880d098b977327973a487be047b8a31,106,0.0,0.0,2 / 2 / 2,2 / 2 / 1,307
0x9eb2c6ecdd240180571bf00bac7388ccb5c5cb05,108,0.31,0.0028703703703703703,4 / 15 / 7,15 / 10 / 5,307
0xd47aa1128ab93aae8c1fe6f8441b00923ca00851,193,0.06,0.000310880829015544,2 / 2 / 2,8 / 8 / 4,348
0xca9b41050316f07376dae3a423a0b96366bebe12,432,0.0,0.0,1 / 2 / 2,37 / 9 / 4,143
0xb8b1b337dc15bfc271394bb586195c434867c81e,146,0.22,0.0015068493150684932,1 / 10 / 2,2 / 1 / 1,119
0xf2cd8c714df917b85912c5599a2bd8b11ce17005,256,0.8,0.003125,1 / 7 / 2,1 / 1 / 1,293
0xd098976eac10ec25f991d90f213709da8d50f504,168,0.0,0.0,2 / 2 / 2,2 / 1 / 1,338
0x8e82a0f1f103639ab6e326a3f9c8070cfd6a72f2,110,0.08,0.0007272727272727273,6 / 11 / 13,50 / 22 / 11,336
0x93973024d30d46f0ae0deb54e0f8ec0f3dc27611,421,0.0,0.0,1 / 2 / 2,37 / 9 / 4,143
0x2a98d05e5ab5548718530655111194e1ef6d9b5b,392,0.0,0.0,1 / 2 / 2,33 / 8 / 4,143
0x9d4908631341e0674a59094f4c6d5166f150eddb,108,0.0,0.0,2 / 2 / 2,2 / 2 / 1,307
0x0f21842080f3719645595e1bedb2a63ee6be3765,105,0.02,0.00019047619047619048,5 / 9 / 9,41 / 23 / 11,318
0xcd88b774cc42242d49a1dba5af599edc2e378a43,116,0.0,0.0,1 / 1 / 1,44 / 12 / 4,76
0x089b30990f15214565477f24ad994e4ac4d5f97f,189,0.29,0.0015343915343915342,1 / 5 / 1,1 / 1 / 1,133
0x956d5eabdd890f87549f67b03d82eaa06c08d7c7,212,0.0,0.0,1 / 1 / 1,2 / 2 / 1,138
0xa08a993cc90298a45518c195fb33fbfac79597c1,115,0.19,0.0016521739130434783,1 / 10 / 2,1 / 1 / 1,125
0xb8160aaba70af2cc347204390ee97878ae5a1421,104,0.0,0.0,1 / 12 / 1,8 / 4 / 2,47
0xb02d5e7de06cad0767cc62166cd407127959da99,126,0.02,0.00015873015873015873,4 / 15 / 6,15 / 15 / 12,340
0xf8c039a97c352655c270b4b0b70a30d0e02c33fe,112,0.0,0.0,2 / 2 / 2,2 / 2 / 1,140
0x917630529e6e14a09860af5679bd77b7184778cf,118,0.59,0.005,3 / 3 / 3,9 / 8 / 5,338
0x588d988d2c01b5ac3e00044f5ca4afd97e6ca9c3,120,0.0,0.0,3 / 4 / 22,26 / 17 / 7,730
0xcbd6f62a13c578cae9acab4c0a046df77a84153a,421,0.0,0.0,1 / 2 / 2,37 / 9 / 4,143
0x7c4418a85ddad06e49f7dd5d8a4cd2ca0b8d367d,239,0.0,0.0,3 / 2 / 4,74 / 14 / 5,309
0x7bd697e12ee5dc15e60a37ed41467874aba3a180,117,0.08,0.0006837606837606838,5 / 11 / 10,21 / 16 / 10,307
0x9a6fedcfb848bc283287bc5ca2eb19b5b3434453,105,0.0,0.0,3 / 3 / 3,1 / 1 / 1,337
0xbb1cd342743d6141b0a7b0c02d4cd79d741316d5,117,0.0,0.0,2 / 2 / 2,2 / 2 / 2,308
0x2f48a10091d1476724c9e71d8250b5418e7d23f5,271,0.0,0.0,3 / 14 / 3,66 / 15 / 5,96
0xd7a7eba4b0ded510aa6421c5f4f776c7649e0869,116,1.16,0.009999999999999998,1 / 1 / 1,1 / 1 / 1,466
0x78497f9756a7cd5138cb268e208377796743e8f1,113,0.34,0.003008849557522124,6 / 15 / 12,22 / 19 / 10,307
0xbfe062dec5339f4ee305a91ac485f4152c9a1d61,251,0.0,0.0,3 / 14 / 3,65 / 15 / 5,96
0x3861993090ee857696e8740ba16ccaf960f036be,141,0.23,0.0016312056737588653,1 / 1 / 1,1 / 1 / 1,176
0x6742e4c7db781b573ca12d8f86e77fba09eb8271,416,0.0,0.0,1 / 2 / 2,36 / 9 / 4,142
0x45e43f11d3071f055de3ef933ed2cab14089c545,421,0.0,0.0,1 / 2 / 2,37 / 9 / 4,143
0x427c7da1332926ff714edc5bfcc7aeb48aa25433,132,0.22,0.0016666666666666668,1 / 10 / 2,1 / 1 / 1,125
0x7bfc47f796c47370e065121ebdcb1edf13cec60a,128,0.58,0.00453125,5 / 11 / 16,21 / 13 / 10,310
0x8e688a8affedfec659693fc78f5181659c67a97f,111,0.23,0.002072072072072072,1 / 6 / 1,17 / 11 / 3,76
0x3d00fb97668039acb907cd93ce228b119fc96120,161,0.0,0.0,2 / 13 / 2,41 / 9 / 3,96
0xc85da06c445e0358a1f3a6c4939c40d4d01b5488,117,0.16,0.0013675213675213675,7 / 12 / 15,9 / 8 / 6,308
0x755f53c8adb22c1e681814f67a1e24126649fe62,123,0.0,0.0,2 / 2 / 2,1 / 1 / 1,306
0x9585e14b1035be9ecbeeb47c339cd264fa3dab06,108,0.23,0.0021296296296296298,5 / 17 / 5,2 / 2 / 1,143
0xb7c5681d16fd78f19c8e329fbce39b05f91da189,123,0.0,0.0,2 / 2 / 2,1 / 1 / 1,306
0x83ff0e5238c453b3233cfc577e3c0f44e6935acb,111,0.02,0.00018018018018018018,5 / 9 / 9,41 / 23 / 11,318
0xce6a5d7967a4279a3ecb483f98aa93a30fd69dad,102,0.02,0.000196078431372549,5 / 9 / 9,41 / 23 / 11,318
0x3bfee29b53e88f21253460cd8799b6ccb951507a,115,0.08,0.0006956521739130435,5 / 7 / 9,8 / 5 / 4,329
0x69326a17112cc67e99280d455c2f6936e11e01b2,129,0.21,0.001627906976744186,1 / 10 / 2,1 / 1 / 1,120
0xcc7898f4e2b733bc6ae6a48f18f03ecd6ac75239,102,0.88,0.008627450980392156,2 / 15 / 6,14 / 8 / 6,296
0xc54470d7c14939ad0d6def3fb68d8af0e9d07471,113,0.78,0.006902654867256637,1 / 3 / 1,1 / 1 / 1,1
0xb1c4cbac3077e62fa97499181c603a9b0604d7fa,103,0.14,0.001359223300970874,2 / 8 / 5,20 / 5 / 3,93
0x86e8a2fcf474b9f195feecabae042b5bf76ad70b,109,0.62,0.005688073394495413,4 / 14 / 4,12 / 9 / 5,272
0x2c307ed64aedb1628140f6ef4f856f0613ea38c9,105,0.21,0.002,1 / 10 / 2,1 / 1 / 1,124
0xc370e8ad79452543a3140d4b3bcca89b193c7768,108,0.3,0.002777777777777778,3 / 15 / 5,6 / 4 / 3,140
0x81cf4679dbb3801339477670a04e1bd25f367231,419,0.0,0.0,1 / 2 / 2,37 / 10 / 4,143
0x57f3cf1d3c93862e9a1fddb5f0a2532d42788b77,179,0.0,0.0,2 / 29 / 4,15 / 4 / 3,92
0xe16f742aa55a6703a06c7d2ebac7584eb3504528,137,0.14,0.0010218978102189782,5 / 6 / 9,7 / 4 / 3,329
0xc68a5eb3bc5e9249fffd3d6fecb104ac89325c10,119,0.33,0.002773109243697479,4 / 17 / 4,2 / 2 / 1,143
0x21629e8dfe3476ab6dd4ee35e03af9757119b134,421,0.0,0.0,1 / 2 / 2,36 / 9 / 4,143
0xd5f453aff0ce9b96e1170cd7de3e83a6b21d1946,115,0.19,0.0016521739130434783,1 / 10 / 2,2 / 2 / 1,117
0xdf3b41a4413ab84253688ab7c7cbad255f2ca574,107,0.18,0.0016822429906542056,1 / 10 / 2,2 / 2 / 1,117
0x5922f996de57910712ba6a2f6a87e4a44daca6dd,108,0.02,0.00018518518518518518,5 / 9 / 9,41 / 23 / 11,318
0x08a903369deeafa702077dfab52bc87d620c18ef,115,0.39,0.003391304347826087,3 / 3 / 3,9 / 7 / 4,338
0x9e729f6dff523ee70290eef75c1ab2c692cc322e,106,0.02,0.00018867924528301886,5 / 9 / 9,41 / 23 / 11,318
0xa810593165fac35413b3b08825941549342b09e6,104,0.02,0.0001923076923076923,5 / 9 / 9,42 / 23 / 11,318
0x3c599bf44396a059bbf6b3fcb15ecd4da6de6eaf,102,0.74,0.0072549019607843135,4 / 18 / 11,7 / 4 / 3,98
0x451fc83b9b963f1afd3f3be5416232be027550bd,132,0.22,0.0016666666666666668,1 / 10 / 2,2 / 2 / 1,117
0x3949bc3b0dd4330fe59ff92b76b234dbd4610097,116,0.2,0.001724137931034483,2 / 7 / 4,3 / 3 / 3,109
0xd155860744a25a7dd453535182fe63e7833f80a0,119,0.0,0.0,2 / 2 / 2,2 / 1 / 1,307
0x1598797952898edc50dc8660bd87911fecd09ab6,119,0.2,0.0016806722689075631,1 / 10 / 2,2 / 2 / 1,117
0x6c4af89073c16534d50148afb747c26e3691ee35,133,0.2,0.0015037593984962407,1 / 10 / 2,3 / 2 / 1,117
0xb69acf2635d849438684b3073d0bff32457e37af,149,0.22,0.001476510067114094,1 / 10 / 2,1 / 1 / 1,118
0x9e41ede12dd927c3d20498c6f4376cd54a2df383,242,0.0,0.0,6 / 32 / 10,19 / 4 / 2,123
0x4ec5af14e0880ebeeacd9b2bfa2647bf973a2006,136,0.22,0.0016176470588235294,1 / 10 / 2,2 / 2 / 1,117
0x740a7246d968f1d5a0e154daf5e879ad91828bce,386,0.5,0.0012953367875647669,1 / 1 / 2,3 / 1 / 1,241
0x9a62f46d3934f18c8f48fd0f863c67892cbae9a8,265,0.0,0.0,1 / 16 / 2,2 / 2 / 1,258
0x70bf2ce237bf839a3f64f8dfaa3b49c33ed688e1,767,0.82,0.0010691003911342894,2 / 14 / 2,3 / 2 / 2,242
0x3940a676405d3c6411a9a2a89682333b66da990e,157,0.26,0.0016560509554140127,1 / 9 / 1,1 / 1 / 1,128
0x1d57076adc599bfddc560b65ed4c1557eae08c7f,164,0.0,0.0,3 / 3 / 3,4 / 2 / 1,336
0x86c69b6dd3e7af2e94cae8bbc5559bb5110b0ee4,117,0.0,0.0,2 / 2 / 2,2 / 2 / 2,308
0xd53192182fcacf4a2ea83ef5b0e50a9941b7d2e7,101,0.0,0.0,2 / 2 / 2,2 / 2 / 1,140
0x4bcbf8ee38d9e58dba0857b117c662e29c954c2b,102,0.0,0.0,2 / 2 / 2,4 / 3 / 1,145
0x2880aca0bfe742d817aae164b07c4a3f25636e45,106,0.15,0.0014150943396226414,1 / 5 / 1,1 / 1 / 1,134
0x78e19073e3a94d3e4bbf289d0436f3f8ffdaf0dc,106,0.17,0.0016037735849056605,1 / 5 / 1,1 / 1 / 1,132
0x7ab252cc021849e0ece012e44c2316aa546f101f,1235,0.0,0.0,7 / 7 / 6,9 / 3 / 1,775
0x0248aab1afebfb8cf2f216cdf7c1256497ccf82f,106,0.0,0.0,3 / 3 / 3,1 / 1 / 1,338
0x13cffa2f5ea7394301d5ce00162a91b02e55b3af,420,0.0,0.0,1 / 2 / 2,36 / 9 / 4,143
0xe891a9e1f208d14c7f66f83b94d0e0330718d360,238,0.0,0.0,2 / 13 / 3,65 / 15 / 5,96
0xec20bf938d4cd77effc5b2c6de101e1fa942dffe,104,0.0,0.0,3 / 2 / 3,56 / 21 / 8,305
0x0068349b490659f24bedbd74d2268f72da051bdf,240,0.0,0.0,3 / 2 / 3,74 / 13 / 5,309
0x54a9a48f10269c41da5906c114e282fcd1b04494,241,0.0,0.0,3 / 2 / 5,77 / 17 / 7,309
0xe5c08f1459abfe6e92856332ea61d3bb4d3b6ceb,241,0.0,0.0,3 / 2 / 3,72 / 12 / 5,309
0x417cfef9f42d9fbcb7d5ff2553ee8bce54e646fe,181,1.46,0.008066298342541436,1 / 12 / 1,36 / 7 / 2,77
0x1136b63b6d2c392561db47211107478552983ddf,405,0.0,0.0,1 / 2 / 2,34 / 9 / 4,142
0x41303a210fa1d022904fd190ddca3f40e6d14c3b,247,0.0,0.0,3 / 2 / 5,77 / 16 / 7,309
0x06306933294ce6d53bb2b7c310a3bc6342055245,242,0.0,0.0,3 / 2 / 4,73 / 14 / 6,309
0xecaa526307c993610b5e997a6f3da9001495dcca,106,0.18,0.0016981132075471698,6 / 12 / 12,24 / 18 / 9,307
0x4d573c3ff57beab364b43509fddab55783a76645,108,0.3,0.002777777777777778,6 / 14 / 10,24 / 19 / 10,307
0x9f5de065e577cf45df57a3af14d37181e8d7ba57,121,0.32,0.002644628099173554,6 / 14 / 11,24 / 18 / 9,307
0xe5cf9584bc2e48f58d0087f9ef3760ace28f0caf,101,0.36,0.003564356435643564,6 / 14 / 13,26 / 19 / 9,307
0x1b2120994ca23b31715965a705d7ecd88943e77b,238,0.0,0.0,3 / 2 / 4,69 / 13 / 6,309
0xc9472640ddd16cfa494cf257558fa16b164fe4e5,103,0.56,0.005436893203883496,6 / 13 / 14,26 / 20 / 10,307
0x77dad59210f112572a23a6f166e875323ee68f90,103,0.04,0.0003883495145631068,4 / 21 / 9,1 / 1 / 1,64
0xba4f5c19f1cc6a7ba4d74f9c99503c9094be1ecc,102,0.42,0.004117647058823529,6 / 16 / 11,25 / 19 / 11,307
0xe641b71db7566d33db1b320ee24e179650bc7d68,108,0.08,0.0007407407407407407,6 / 11 / 13,50 / 22 / 11,336
0x25371d9349b387c3f0085b73d8e27f920fab9964,104,0.02,0.0001923076923076923,5 / 9 / 9,41 / 23 / 11,318
0x3ee6cf8df857e842eb5985d3f452bbce7b307633,113,0.18,0.0015929203539823008,2 / 7 / 5,19 / 5 / 3,93
0xa6da97dadc4da4874ef07d1048156dd164719dc6,104,0.02,0.0001923076923076923,5 / 9 / 9,41 / 23 / 11,318
0xb07e6bfe64ada1a4ec1c84e5b29aafdbde57e090,104,0.08,0.0007692307692307692,6 / 11 / 13,50 / 22 / 11,336
0x4bd973be7d641c3b4b33936af0848af9bdc6a899,112,0.18,0.0016071428571428571,1 / 10 / 2,2 / 2 / 1,117
0x6cbd3af7b338306fabf54d3f8a4ce1dca84d598b,146,0.23,0.0015753424657534247,1 / 10 / 2,2 / 2 / 1,117
0x747911818ac3323fb83173a78ce1061fee70ad12,104,0.35,0.003365384615384615,6 / 15 / 12,24 / 18 / 9,307
0xf4dbfc3f5e5dc7cb0128d9a04d961135aa6de86e,238,0.0,0.0,3 / 2 / 4,72 / 13 / 6,309
0x076cf63a6b6af1f06bcb969d618aa6098247133c,421,0.0,0.0,1 / 2 / 2,36 / 9 / 4,143
0xce97f8f5aa8bd5adfb3d131bc7b5f985fe689ae0,145,0.28,0.001931034482758621,3 / 9 / 5,6 / 4 / 4,164
0x3bf22dcfb66b6f7d7bbf2488ec8de9582b7a1be3,168,0.0,0.0,2 / 2 / 2,2 / 1 / 1,338
0x9df14d045b1cfe05d96cd9df76a90112fe6385af,168,0.0,0.0,2 / 2 / 2,2 / 1 / 1,338
0x1193b41f0034b68603cf571dd82423ef6fd4126c,101,0.18,0.001782178217821782,1 / 10 / 2,2 / 2 / 1,117
0x82adeb7c7d2f709b21c94bf35b3957d8fe73cb83,149,0.23,0.0015436241610738257,1 / 10 / 2,2 / 2 / 1,117
0x21acd88ca2407e56b93d763d30cc8474b69814cc,420,0.0,0.0,1 / 2 / 2,37 / 10 / 4,143
0x34ffda4806c2ad121e27d3aab81763b212c63255,103,0.02,0.0001941747572815534,5 / 9 / 9,40 / 23 / 11,318
0x9ef9e953534434f698cdc797f0957c49f4c842ae,103,0.49,0.004757281553398058,3 / 17 / 6,7 / 5 / 4,140
0x3248c903b062cfc7fa7536b518dc70146d49e936,135,0.23,0.0017037037037037038,1 / 8 / 2,1 / 1 / 1,130
0x72e130fe55658167f7960a8765ba1b0b35ab78f0,109,0.3,0.002752293577981651,3 / 16 / 6,8 / 5 / 3,141
0xa4552181b5313a09ece54c1c11d9286fb65a06a2,421,0.0,0.0,1 / 2 / 2,37 / 9 / 4,143
0x207c8df47975053f56da760dc079d580a7562515,421,0.0,0.0,1 / 2 / 2,36 / 9 / 4,143
0xde01c604d39bbb3873df011718b15a5f47b46874,123,0.0,0.0,2 / 2 / 2,1 / 1 / 1,306
0x4ac4180988681791d964cdb1368375db4c0d6b04,128,0.2,0.0015625,1 / 10 / 2,2 / 2 / 1,117
0x797e112666736b1cd726932e9c2e5e8ccbe961c2,174,0.12,0.000689655172413793,1 / 4 / 4,92 / 20 / 6,145
0x36c73a3c97cca2499c41d75a7a9fe45470fc04a6,120,0.21,0.00175,1 / 5 / 7,7 / 5 / 4,107
0xb7c42c50d7ae3a58b391aa5acea6c49255830cc3,113,0.41,0.0036283185840707962,3 / 3 / 3,8 / 7 / 4,338
0xf30756a5343449042dfabfedcac1a6f1c23b1031,123,0.09,0.0007317073170731707,5 / 7 / 9,9 / 6 / 5,329
0x3ae252d87703572b68914c445a0664b9623c6c5c,103,0.1,0.0009708737864077671,4 / 8 / 13,28 / 11 / 5,124
0xc537a7d9866811148ace03934d17678d8ebedc52,104,0.16,0.0015384615384615385,3 / 24 / 4,3 / 2 / 2,128
0x171417b120451f12b62c65bff56674fbaf741296,204,0.0,0.0,1 / 8 / 1,147 / 44 / 13,376
0x988f9afad5d007d1b82bf755c68212b825f7bd76,106,0.02,0.00018867924528301886,5 / 9 / 9,41 / 23 / 11,318
0x659741fc9899e301bc1138402362860bd3f981cd,106,0.11,0.0010377358490566038,4 / 14 / 8,4 / 4 / 3,68
0x8a076beb1516407a25d319153187827d6cb8e911,121,0.61,0.005041322314049587,3 / 14 / 5,5 / 5 / 5,220
0x7ba0c721a3420e0ac04c773a78275025969c6545,106,0.48,0.004528301886792453,6 / 14 / 8,8 / 4 / 3,104
0x3fcb11427f93c7441e9f7ee655326992b9432baa,119,0.0,0.0,2 / 2 / 2,2 / 2 / 2,308
0xe92d070d0a5e40efcdf7399799f4fd0361bb154c,110,0.08,0.0007272727272727273,6 / 11 / 13,51 / 22 / 11,336
0xaa7606062fa80c7e230988a7d007b04c97a4b3b2,108,0.02,0.00018518518518518518,5 / 9 / 9,41 / 23 / 11,318
0x80c0eb96c401a441df6d19ecd8e562b18c4e4e24,206,0.0,0.0,1 / 8 / 1,157 / 49 / 13,379
0x849ec21d423a8709ff0ce5dfe1f4b29a58670e50,933,0.88,0.0009431939978563773,2 / 15 / 2,4 / 2 / 2,241
0x0773f6cd07a0ac68a1ac68c2a61ac1fc2cb1d7fa,116,0.0,0.0,2 / 2 / 2,2 / 2 / 2,308
0x75837dd41486cb0d437d15cc6c9c1c7b2cf32aba,257,0.0,0.0,2 / 14 / 3,62 / 15 / 5,96
0x2736194a39c19d56c9cb3610b9e6521a079e53a9,118,0.34,0.00288135593220339,6 / 13 / 10,23 / 18 / 9,307
0x936500c1364d0d8075d6dfdeeaee302d2b16ab8c,104,0.11,0.0010576923076923077,6 / 15 / 15,23 / 18 / 9,307
0xe29febbe17b32e027eedced1bcec711e9b7de5e8,110,0.4,0.0036363636363636364,6 / 7 / 9,6 / 4 / 3,75
0x8fb6581831d3810cc951b8698b8ae8f7320a9173,109,0.41,0.0037614678899082566,3 / 6 / 6,10 / 8 / 5,344
0xa70eb284ba58685c6b50702ae545cc1a2e77f70b,119,0.69,0.005798319327731092,2 / 13 / 5,15 / 6 / 6,283
0x83c70a04d3bc4d48ee634207ed3e448475815e0c,117,0.0,0.0,2 / 2 / 2,2 / 2 / 2,308
0x4f2384f1b99e428ed94b209b10a4d5304b716462,104,0.38,0.003653846153846154,3 / 3 / 3,9 / 8 / 4,344
0xd43e7f2bafda4de17da09177ec85517207ba2a71,126,0.31,0.0024603174603174604,1 / 5 / 1,3 / 2 / 2,132
0xf6b65c82dffde45badb95f1d5edb1ed73a7e44e3,126,0.01,7.936507936507937e-05,4 / 15 / 6,16 / 15 / 12,340
0xc5b0178c2dba89ddfc4e66bd85baded0a4e687e0,112,0.31,0.0027678571428571427,6 / 8 / 9,6 / 5 / 4,68
0x7af867891446dc5657e1c043d5dff897f6b96893,115,0.41,0.0035652173913043477,7 / 23 / 18,19 / 17 / 11,290
0xc872663d8efff2aefb5d832c5b074fc6cb5c9f7d,244,0.0,0.0,3 / 2 / 4,73 / 13 / 5,309
0xbe275d59f889d16a3efc8e321b407b872f3c4a6c,242,0.0,0.0,3 / 2 / 5,71 / 15 / 6,309
0x855ba0e2a191581e3eeecbbe25fa75148c9d1cca,248,0.0,0.0,3 / 2 / 3,78 / 15 / 6,309
0x8e3c32be9a92abefaa536ec65988a9110d758518,236,0.0,0.0,3 / 2 / 4,73 / 14 / 6,309
0x76407592869b8bc6e9fcde0738329edc26b8aa97,216,0.41,0.001898148148148148,3 / 3 / 3,9 / 9 / 5,344
0x8d280067c52d2aa2043a8f842f845caf06c8bb64,264,0.0,0.0,3 / 14 / 3,65 / 15 / 5,96
0x209027a2c4929014b9812443f6fa4f33ee15a81c,251,0.0,0.0,3 / 2 / 4,77 / 16 / 7,309
0x868ef5917bb591955247bc89075022ced2217706,247,0.0,0.0,3 / 2 / 3,75 / 14 / 5,309
0xa7970d155476f59b6564868ed7ccb1cc71b1b29a,120,0.0,0.0,5 / 4 / 2,51 / 18 / 5,166
0xd6fdeb7a7fa8ac1bf6b1fa44eb9536bbbb1c1026,253,0.25,0.0009881422924901185,1 / 1 / 1,1 / 1 / 1,294
0x763d45cfa50752a3a25af121589469cbf5142aaf,294,0.47,0.001598639455782313,3 / 6 / 6,11 / 8 / 5,340
0x04d1066cc505718856619595dc5c736fe374d4c9,106,0.0,0.0,3 / 2 / 3,57 / 22 / 8,306
0x081c0f9a7a5d1b3731ee1c4867dce8dbf5ea1aff,240,0.0,0.0,3 / 2 / 4,74 / 15 / 6,309
0x8e289ea1d49d673209d923a82eed5e30b9796fbf,103,0.34,0.003300970873786408,6 / 14 / 10,23 / 18 / 10,307
0xa20b6fdcb1920316d4062e722a6ee570895db0d4,115,0.34,0.002956521739130435,6 / 14 / 10,24 / 19 / 10,307
0x3892f65f4a1ea56bfbc3a866fa7547398d69a6c4,106,0.13,0.0012264150943396227,5 / 6 / 9,7 / 5 / 4,329
0x275c1422b44378e01199c1aa6bdf288965140d09,117,0.59,0.0050427350427350425,5 / 10 / 12,19 / 12 / 9,310
0x5da95b2e9de0eb6463d4b483b6eb6abc4690753f,119,0.0,0.0,2 / 2 / 2,2 / 2 / 2,308
0x3ce405911d5d32314867bc19eb03d3920f0fb221,107,0.0,0.0,2 / 2 / 2,2 / 2 / 1,307
0xdb16573fce50b04d76e272bf43b9cd3d26d2bda0,111,0.03,0.0002702702702702703,2 / 5 / 3,15 / 11 / 5,237
0x6959a389524f6e7dba6770cc2bd569e91c47c69f,238,0.0,0.0,3 / 2 / 3,70 / 13 / 4,309
0x9722441b9baf74f6dc3d1965c43e6caedbfb1d0e,347,0.0,0.0,3 / 3 / 3,6 / 2 / 2,247
0x1fb90b2353a94c90d0b2052d285593b78902d973,114,0.98,0.008596491228070175,5 / 18 / 10,10 / 9 / 9,246
0x6d7b40a273ee0001380f331c130124003c483fb6,113,0.31,0.002743362831858407,6 / 15 / 11,24 / 18 / 9,307
0xb1ad312a042550bc95eb39227cb7158a2305c79e,126,0.53,0.004206349206349207,7 / 15 / 17,15 / 12 / 9,308
0xf89454f1aa77976b34ede6c97d4fe39aeeaef3d0,419,0.0,0.0,1 / 2 / 2,36 / 9 / 4,143
0xb5a7d585f498d8cf832a786a02bbd9d77fa1a86b,545,0.0,0.0,4 / 4 / 23,48 / 22 / 8,745
0xb3f5a781d482905606d7d9ac56d82eee6a1e8629,3381,0.0,0.0,6 / 6 / 20,112 / 24 / 8,191
0x4d7342ed33598105d01920064c3aa5414210d4a2,135,0.0,0.0,2 / 1 / 5,72 / 30 / 9,673
0xc29385d0fe57be5891e728d655203eb95dc5a812,110,0.72,0.006545454545454545,6 / 7 / 9,6 / 3 / 3,75
0xa7cbb292f70fdb81f041ca3d8cfa003949a63d22,109,0.36,0.0033027522935779813,7 / 21 / 13,10 / 6 / 3,93
0x370844b47ecc307925379f3ca68c09df59d77760,244,0.0,0.0,3 / 2 / 3,76 / 14 / 5,309
0x4529fc34ffeaf2f41276eb00b04ac4aff6a79c45,110,0.33,0.003,6 / 13 / 11,24 / 19 / 10,307
0x1612e469080bba0a4e08d52e995c7bf4f24280e0,168,0.0,0.0,2 / 2 / 2,2 / 1 / 1,338
0xd0b074453acbeacc081beea538e1f8265911fd12,108,0.0,0.0,2 / 2 / 2,2 / 2 / 1,307
0x03815b178cb3d42c14a788b5091b9e2e1e4aa04e,109,0.35,0.0032110091743119264,3 / 17 / 11,15 / 7 / 5,131
0x11854ca7e99cc3001a26ce792c57d59cf3fb354c,182,0.0,0.0,1 / 1 / 1,34 / 7 / 2,63
0xcf26c06489cfbb2d52cce8b437049ae59aca6771,422,0.0,0.0,1 / 2 / 2,36 / 9 / 4,143
0x2da6283cf060b60abfbdb0a69e3644ab48539524,106,0.2,0.0018867924528301887,5 / 8 / 6,28 / 10 / 3,85
0xf3e2e27a7da825375f9129690f65a476d76eedef,420,0.0,0.0,1 / 2 / 2,36 / 9 / 4,143
0xba9a3c0a22baebe8c4926227bde32d6edc0d5d28,107,0.0,0.0,8 / 9 / 7,58 / 33 / 11,392
0x67ca59f29e31bd575d3d2aa64b3f3cbb6a0e59bf,245,0.0,0.0,3 / 2 / 5,79 / 15 / 7,309
0xf241854e9ff71c8c618a7b346bec8ea4f8f4ac4b,105,0.48,0.004571428571428571,6 / 13 / 12,25 / 19 / 10,307
0x01b2f8eb137b94ab0a336ff7146eb8408b041694,421,0.0,0.0,1 / 2 / 2,37 / 9 / 4,143
0x892fa06fad814e9180ca00955282f6d392a74e29,101,0.02,0.00019801980198019803,5 / 9 / 9,42 / 23 / 11,318
0xec24de0c15965edb17f7b931c6e0193971669141,102,0.0,0.0,1 / 1 / 3,11 / 7 / 3,81
0x82fc8bcaba703cae771132f6b590ad2b55789a7f,174,0.0,0.0,3 / 14 / 3,45 / 12 / 4,96
0x106c460499baa854803057415462e860658b6c01,420,0.0,0.0,1 / 2 / 2,36 / 9 / 4,143
0x12910e3d10bd0aec2c75c0d4745799e35e127813,420,0.0,0.0,1 / 2 / 2,36 / 9 / 4,143
0xa3c36552b129a4887c65f723b7d3c7d877b0f82a,420,0.0,0.0,1 / 2 / 2,37 / 9 / 4,143
0x34a773b491886e826339b1953cbccc8668e17b10,107,0.0,0.0,2 / 2 / 2,2 / 2 / 1,307
0x804e56783eb789f883973427d08c0b840fd58483,246,0.0,0.0,3 / 2 / 5,76 / 15 / 6,309
0x07e2644a581756193bc0f066c05500560a0525f3,242,0.0,0.0,3 / 2 / 4,73 / 13 / 6,309
0x8faf1acb3638a23abf74007d3eb60bb9464c8536,102,0.0,0.0,3 / 2 / 3,56 / 33 / 11,311
0x2c1d78e8e1276d8940c5d67f01e9f4d685b1d90c,111,0.22,0.001981981981981982,1 / 6 / 1,17 / 11 / 3,76
0x4040e1ebfdd7fa0a968f0cf0486faf2a1196a461,107,0.57,0.0053271028037383174,3 / 3 / 3,10 / 8 / 5,338
0x2cad75e380ddb12329231df6793a0343917be8b3,171,0.0,0.0,5 / 12 / 4,75 / 44 / 12,336
0x9464b23de0f5a8cc3f5c82ccd2aabcfbedaa1467,178,0.0,0.0,7 / 9 / 9,5 / 3 / 2,287
0x720f5a64c9acd8100607f3912d6e51375f1ffee8,236,0.0,0.0,3 / 2 / 4,70 / 13 / 5,309
0x5b54a49b61adcda02bab128db05e47d8e27fe8a8,106,0.31,0.0029245283018867925,6 / 13 / 10,24 / 18 / 10,307
0x9ca542b04c8219dd60035e85daeccc7ff2be3e0f,247,0.0,0.0,3 / 2 / 5,77 / 15 / 6,309
0xb6832ebca7577d5f289e5a733c616345141e441e,103,0.2,0.0019417475728155341,1 / 10 / 1,2 / 1 / 1,85
0x6dc9fc7309a7071b295935f2ffffeb8213a30821,102,0.32,0.003137254901960784,6 / 12 / 12,24 / 18 / 9,307
0xc462676bdafbe91412edd757c2e3be7474327dc3,103,0.32,0.0031067961165048546,6 / 11 / 12,25 / 19 / 10,307
0x63c9e45c6e1ba06b4852d4fbb77af921bac370eb,109,0.35,0.0032110091743119264,6 / 14 / 10,25 / 19 / 9,307
0x6123dd87e92baae549418edba3ab8cfbd1d22c88,419,0.0,0.0,1 / 2 / 2,36 / 9 / 4,143
0xee82c00e0c36662764549f97d466b33b778bf8f2,420,0.0,0.0,1 / 2 / 2,36 / 9 / 4,143
0xd3328822386b94242eda12b1fbc52f5b656f11b7,109,0.18,0.0016513761467889907,1 / 10 / 2,2 / 2 / 1,117
0x614f5567a226b7bc1446930489187201ff61610f,103,0.89,0.008640776699029126,8 / 29 / 19,16 / 5 / 3,274
0x4a46935b706bce297b353aa326234a38bfad489a,116,0.12,0.0010344827586206897,5 / 7 / 9,8 / 6 / 5,329
0xf72ba177692517d812392a2187e27f3dddfc0665,146,0.0,0.0,2 / 4 / 2,40 / 9 / 3,333
0xd159e210fc9c1e17faf018b1849d7b1fe25d15ce,108,0.08,0.0007407407407407407,6 / 11 / 13,51 / 22 / 11,336
0xb86eb8ab50f1d2c4d369c56e1381b4f0b9766afa,263,0.0,0.0,3 / 14 / 3,63 / 15 / 5,96
0xb70ef9acc0b4cb0bf73145f95ec21976b7103afc,115,0.28,0.0024347826086956524,4 / 10 / 9,8 / 8 / 5,166
0x0602b233c25f1a8cac83e6203ebf05645a055245,250,0.0,0.0,3 / 2 / 5,80 / 17 / 7,309
0x1c5d76766144aa4efd5390df16557f932aaf09ef,103,0.31,0.003009708737864078,6 / 10 / 14,23 / 18 / 10,307
0xf0d4e70236e40cda7b158de20c68227d82df9c08,140,0.35,0.0025,2 / 3 / 3,28 / 10 / 4,333
0x9ef4aa3f3563a3f76dfff858f84112fefd5e7efb,109,0.08,0.0007339449541284404,6 / 11 / 13,51 / 22 / 11,336
0xec1601643fb18a75bebdb84632945280ae36f39c,107,0.0,0.0,2 / 2 / 2,2 / 2 / 1,307
0xe2d6290e87d542e94d66cce07ad69669ad207582,419,0.0,0.0,1 / 2 / 2,36 / 9 / 4,143
0x381a39564a0fd91d638f8b8d23a1915f51b096fb,127,0.02,0.00015748031496062991,4 / 15 / 6,15 / 15 / 12,340
0x539dfecfc20d09abf9f68a10ac532bc01567fe25,116,0.24,0.0020689655172413794,1 / 5 / 7,7 / 5 / 4,107
0x6ec64f5053ad91b583d005ca7ddbda4b996446ed,123,0.0,0.0,2 / 2 / 2,1 / 1 / 1,306
0x82134aba93e83dfd624e380192ff6a961a408245,112,0.3,0.0026785714285714286,3 / 15 / 5,8 / 6 / 3,140
0x56ae2c9861cb2dac826b52f515d184a767c4d086,108,0.3,0.002777777777777778,3 / 16 / 4,8 / 5 / 2,140
0x6ab9337e76b4d1b6cde0f70eef5eab3642f2385a,119,0.0,0.0,2 / 2 / 2,2 / 1 / 1,307
0x8a763bcf57962257571fcf393802172df428b41d,107,0.02,0.00018691588785046728,5 / 9 / 9,43 / 23 / 11,318
0x59ac1e48acbdacc317e8641f03579bac4a98daf0,151,0.25,0.0016556291390728477,1 / 10 / 2,1 / 1 / 1,122
0xe24e3976010d84269ac7752526018219ae744733,129,0.2,0.0015503875968992248,1 / 10 / 2,2 / 2 / 1,117
0xf6058c4f85aea8c44977b8f9781c487cb195f3ce,117,0.13,0.0011111111111111111,6 / 13 / 12,24 / 17 / 9,307
0xc26cb57f281cbfa977f0d273f7d3e9050413ba1b,127,0.33,0.0025984251968503938,6 / 14 / 13,27 / 20 / 11,307
0x0440e8d2561b813778ecd703699609897fd42c52,112,0.32,0.002857142857142857,6 / 13 / 11,24 / 18 / 10,307
0xf0f74aaff790e8baf71a9c96e27ad9d15e192ca3,110,0.48,0.004363636363636364,5 / 17 / 10,12 / 9 / 5,137
0x6467c7a1ef7642727e026845f671e14cb3740e3e,102,0.02,0.000196078431372549,5 / 9 / 9,42 / 23 / 11,318
0x565b7411751b6ffdd96c94ba6d39b65c8b8df51f,108,0.0,0.0,2 / 2 / 2,2 / 2 / 1,307
0x70dc8823f80b557a1aae94451f5ef2a05009917b,114,0.86,0.007543859649122807,7 / 14 / 15,31 / 23 / 10,329
0xa521a7c7d0a4869e2acd34fb8f9035b3fc646add,123,0.42,0.0034146341463414634,6 / 15 / 11,25 / 19 / 10,307
0xbebd4dc61fdcfcae23d10315be3baf06f6a466f2,126,0.1,0.0007936507936507937,5 / 7 / 9,9 / 5 / 4,329
0x3a8f44988f29c052cca891f337a6472f1e38f556,102,0.02,0.000196078431372549,5 / 9 / 9,41 / 23 / 11,318
0xefb82352923fadf3599a79aff35991d3128397c5,106,0.17,0.0016037735849056605,1 / 10 / 2,2 / 2 / 1,117
0x07b8e09153119308342d416661444c1811072cfa,102,0.0,0.0,1 / 2 / 4,13 / 8 / 3,81
0x783e3ff4b0fd3c3932136f3702ef4561baa37720,103,0.71,0.006893203883495146,4 / 14 / 4,14 / 10 / 6,272
0x365ee92e92e31a2f032dd3e8b9e22b6087578c00,189,0.0,0.0,3 / 2 / 3,4 / 2 / 1,336
0xbd99f124f421998be4a5dc6bb0c42edb2b222a71,114,0.0,0.0,3 / 12 / 3,30 / 7 / 3,96
0x3e29b5b56e29f14a2622dbd2b63bb55674432dff,122,0.0,0.0,2 / 1 / 4,73 / 22 / 8,672
0xe0a29def0bc418bbe4e923f589f785b1e96bf155,106,0.0,0.0,1 / 1 / 1,23 / 8 / 2,116
0x78b6d2f133e9b4cd956189056595059d4474fa57,113,0.39,0.0034513274336283187,5 / 18 / 13,16 / 9 / 7,178
0x32ce0c4f839478a3d006b15d95474d29889642ec,118,0.0,0.0,2 / 2 / 2,2 / 2 / 2,308
0xbce155c6af13896b2681b945eebb0b327a8a2569,121,0.08,0.0006611570247933885,7 / 20 / 10,15 / 14 / 13,371
0xa5bf8259111001c1274c2bb15a033ebeacda5241,140,0.0,0.0,2 / 2 / 2,5 / 1 / 2,4
0xcecfdbf6574c317670a130f96701a070d9c5475d,106,0.53,0.005,6 / 12 / 12,26 / 19 / 10,307
0x89a1c092e9fb467d0484fd1013c029efed04a625,105,0.08,0.0007619047619047619,6 / 11 / 13,50 / 22 / 11,336
0xfed670bfc215177d4484b1d17998d1f0de37ff6b,414,0.0,0.0,1 / 2 / 2,37 / 9 / 4,143
0x45a53114d13638efdb680a67cdd26fb0402ebcad,108,0.17,0.001574074074074074,1 / 10 / 2,2 / 2 / 1,117
0xaf2629e56e2801219721d9517b537b8ad828768c,108,0.32,0.002962962962962963,3 / 18 / 11,15 / 7 / 5,131
0xdd9960a067a01bc106d7e6100c58d9324dabd7ad,120,0.0,0.0,2 / 2 / 2,2 / 2 / 2,308
0x25902771da7840ceb4c8241e049fd224dadd51d8,126,0.02,0.00015873015873015873,4 / 15 / 6,14 / 14 / 11,340
0xc548326da5cad4492deb1cc687fb84f0d2dbf98a,103,0.7,0.006796116504854369,7 / 13 / 14,22 / 17 / 9,335
0xbfea40ac145a6208dae3ef3b8048692942301d14,105,0.31,0.0029523809523809524,6 / 12 / 12,22 / 16 / 10,307
0x0815daaa8338ea1775301d04c53e6bf79745404f,117,0.13,0.0011111111111111111,5 / 6 / 9,7 / 5 / 4,329
0xeadd3e68788e1fe1c9703a12dc04e177bd0aac22,111,0.4,0.0036036036036036037,3 / 15 / 5,8 / 5 / 3,141
0x388ae2445d4998aaa89a7cf74b4c75c61d299ec5,102,0.3,0.0029411764705882353,4 / 17 / 4,2 / 2 / 1,143
0x6aba4b37d3b097d7a6a17158d813070911240a6c,420,0.0,0.0,1 / 2 / 2,37 / 9 / 4,143
0x55a1f87719af7dcea47b75cd134c8804058c6ed2,102,0.0,0.0,3 / 2 / 3,3 / 3 / 2,140
0x295a0c6dca9c7d7600351ee87ab518864bfdc727,101,0.0,0.0,2 / 2 / 2,2 / 2 / 1,140
0xed9d008dd74d79bdef9375772451d92c869d65c0,150,0.26,0.0017333333333333335,1 / 9 / 2,1 / 1 / 1,130
0xe90b90f266a5ed305a43215a3fd724db5e6db126,121,0.62,0.005123966942148761,2 / 11 / 2,12 / 3 / 3,283
0xcca9d39f9020376565981ca07dc307a870a00a33,154,0.0,0.0,3 / 2 / 3,4 / 2 / 1,336
0x0a00edd3d6b584070361d9d53e3d9d82076298c6,107,0.18,0.0016822429906542056,1 / 7 / 2,1 / 1 / 1,130
0xd1135383123886b1aec5cb711e0fb3446038e294,190,0.27,0.0014210526315789475,1 / 5 / 1,2 / 1 / 1,134
0xba8af4ee2a0c5588f381342970673f7c3946eb3f,117,0.0,0.0,2 / 2 / 2,2 / 2 / 2,308
0xf703f3544f5db39d7016a7baafed2f8a2937c758,107,0.17,0.0015887850467289721,1 / 8 / 2,1 / 1 / 1,133
0x57e8a68d7dfaa9a0a915166fad0871b93d886979,115,0.3,0.002608695652173913,6 / 16 / 8,6 / 3 / 3,129
0xd567a11ab3fee72bbc0bbdb64b061ebe8a5fa90d,150,0.0,0.0,3 / 2 / 3,4 / 2 / 1,336
